length,error_rate,strategy,samples,mean_share,standard_error,ci95_low,ci95_high,first30_mean_share
1,0.0,Random,1000,0.0,0.0,0,0.0,0.0
1,0.0,Cooperator,1000,0.0,0.0,0,0.0,0.0
1,0.0,Cheater,1000,0.4186388888888887,0.0033989981198999353,0.41197685257388483,0.4253009252038926,0.3925925925925925
1,0.0,Copycat,1000,0.0,0.0,0,0.0,0.0
1,0.0,Copykitten,1000,0.0,0.0,0,0.0,0.0
1,0.0,Copy3kitten,1000,0.0,0.0,0,0.0,0.0
1,0.0,NegtiveCopycat,1000,0.21452777777777815,0.002172425997011234,0.21026982282363613,0.21878573273192017,0.2037037037037037
1,0.0,NegtiveCopykitten,1000,0.3668333333333332,0.0032242614520683714,0.36051378088727914,0.3731528857793872,0.4037037037037036
1,0.0,Grudger,1000,0.0,0.0,0,0.0,0.0
1,0.025,Random,1000,0.0,0.0,0,0.0,0.0
1,0.025,Cooperator,1000,0.0,0.0,0,0.0,0.0
1,0.025,Cheater,1000,0.41302777777777805,0.003219979616658252,0.40671661772912787,0.4193389378264282,0.4194444444444444
1,0.025,Copycat,1000,0.0,0.0,0,0.0,0.0
1,0.025,Copykitten,1000,0.0,0.0,0,0.0,0.0
1,0.025,Copy3kitten,1000,0.0,0.0,0,0.0,0.0
1,0.025,NegtiveCopycat,1000,0.21977777777777807,0.0022251149007425836,0.21541655257232262,0.22413900298323353,0.23981481481481484
1,0.025,NegtiveCopykitten,1000,0.3671944444444444,0.0032435445947802924,0.360837097038675,0.37355179185021375,0.3407407407407408
1,0.025,Grudger,1000,0.0,0.0,0,0.0,0.0
1,0.05,Random,1000,0.0,0.0,0,0.0,0.0
1,0.05,Cooperator,1000,0.0,0.0,0,0.0,0.0
1,0.05,Cheater,1000,0.40986111111111057,0.0033001929061286924,0.4033927330150983,0.4163294892071228,0.3944444444444445
1,0.05,Copycat,1000,0.0,0.0,0,0.0,0.0
1,0.05,Copykitten,1000,0.0,0.0,0,0.0,0.0
1,0.05,Copy3kitten,1000,0.0,0.0,0,0.0,0.0
1,0.05,NegtiveCopycat,1000,0.22211111111111156,0.0022464863725403803,0.21770799782093242,0.2265142244012907,0.20833333333333337
1,0.05,NegtiveCopykitten,1000,0.368027777777778,0.0031739748825134776,0.3618067870080516,0.37424876854750444,0.39722222222222214
1,0.05,Grudger,1000,0.0,0.0,0,0.0,0.0
1,0.075,Random,1000,0.0,0.0,0,0.0,0.0
1,0.075,Cooperator,1000,0.0,0.0,0,0.0,0.0
1,0.075,Cheater,1000,0.4091111111111114,0.0033345398772889516,0.4025754129516251,0.4156468092705978,0.3972222222222222
1,0.075,Copycat,1000,0.0,0.0,0,0.0,0.0
1,0.075,Copykitten,1000,0.0,0.0,0,0.0,0.0
1,0.075,Copy3kitten,1000,0.0,0.0,0,0.0,0.0
1,0.075,NegtiveCopycat,1000,0.22536111111111157,0.002275225524695351,0.22090166908270867,0.22982055313951447,0.23240740740740742
1,0.075,NegtiveCopykitten,1000,0.36552777777777806,0.0032331312301129025,0.35919084056675676,0.37186471498879936,0.37037037037037035
1,0.075,Grudger,1000,0.0,0.0,0,0.0,0.0
1,0.1,Random,1000,0.0,0.0,0,0.0,0.0
1,0.1,Cooperator,1000,0.0,0.0,0,0.0,0.0
1,0.1,Cheater,1000,0.40483333333333343,0.0033512342344800584,0.39826491423375254,0.4114017524329143,0.38333333333333336
1,0.1,Copycat,1000,0.0,0.0,0,0.0,0.0
1,0.1,Copykitten,1000,0.0,0.0,0,0.0,0.0
1,0.1,Copy3kitten,1000,0.0,0.0,0,0.0,0.0
1,0.1,NegtiveCopycat,1000,0.23052777777777775,0.0024054814746897807,0.2258130340873858,0.2352425214681697,0.22592592592592592
1,0.1,NegtiveCopykitten,1000,0.3646388888888886,0.0033450456699779013,0.35808259937573195,0.3711951784020453,0.39074074074074083
1,0.1,Grudger,1000,0.0,0.0,0,0.0,0.0
1,0.125,Random,1000,0.0,0.0,0,0.0,0.0
1,0.125,Cooperator,1000,0.0,0.0,0,0.0,0.0
1,0.125,Cheater,1000,0.398555555555555,0.003303926190754413,0.39207986022167635,0.40503125088943365,0.38981481481481484
1,0.125,Copycat,1000,0.0,0.0,0,0.0,0.0
1,0.125,Copykitten,1000,0.0,0.0,0,0.0,0.0
1,0.125,Copy3kitten,1000,0.0,0.0,0,0.0,0.0
1,0.125,NegtiveCopycat,1000,0.23216666666666694,0.002299807206541739,0.22765904454184513,0.23667428879148875,0.237037037037037
1,0.125,NegtiveCopykitten,1000,0.3692777777777776,0.003252168231063906,0.36290352804489234,0.37565202751066284,0.3731481481481481
1,0.125,Grudger,1000,0.0,0.0,0,0.0,0.0
1,0.15,Random,1000,0.0,0.0,0,0.0,0.0
1,0.15,Cooperator,1000,0.0,0.0,0,0.0,0.0
1,0.15,Cheater,1000,0.4063055555555553,0.0033019355763180915,0.39983376182597186,0.41277734928513876,0.45185185185185184
1,0.15,Copycat,1000,0.0,0.0,0,0.0,0.0
1,0.15,Copykitten,1000,0.0,0.0,0,0.0,0.0
1,0.15,Copy3kitten,1000,0.0,0.0,0,0.0,0.0
1,0.15,NegtiveCopycat,1000,0.23577777777777817,0.002437736623139256,0.23099981399642522,0.24055574155913112,0.21481481481481485
1,0.15,NegtiveCopykitten,1000,0.357916666666666,0.0031316885810102842,0.35177855704788585,0.36405477628544614,0.3333333333333333
1,0.15,Grudger,1000,0.0,0.0,0,0.0,0.0
1,0.175,Random,1000,0.0,0.0,0,0.0,0.0
1,0.175,Cooperator,1000,0.0,0.0,0,0.0,0.0
1,0.175,Cheater,1000,0.3935555555555557,0.0033603546451775016,0.3869692604510078,0.4001418506601036,0.42407407407407416
1,0.175,Copycat,1000,0.0,0.0,0,0.0,0.0
1,0.175,Copykitten,1000,0.0,0.0,0,0.0,0.0
1,0.175,Copy3kitten,1000,0.0,0.0,0,0.0,0.0
1,0.175,NegtiveCopycat,1000,0.2454999999999999,0.002451307213550217,0.24069543786144149,0.25030456213855834,0.22500000000000003
1,0.175,NegtiveCopykitten,1000,0.36094444444444423,0.0032581476362876873,0.35455847507732036,0.3673304138115681,0.3509259259259259
1,0.175,Grudger,1000,0.0,0.0,0,0.0,0.0
1,0.2,Random,1000,0.0,0.0,0,0.0,0.0
1,0.2,Cooperator,1000,0.0,0.0,0,0.0,0.0
1,0.2,Cheater,1000,0.39299999999999974,0.003278722560169569,0.3865737037820674,0.3994262962179321,0.4018518518518519
1,0.2,Copycat,1000,0.0,0.0,0,0.0,0.0
1,0.2,Copykitten,1000,0.0,0.0,0,0.0,0.0
1,0.2,Copy3kitten,1000,0.0,0.0,0,0.0,0.0
1,0.2,NegtiveCopycat,1000,0.24827777777777785,0.002435882392317421,0.2435034482888357,0.25305210726672,0.2361111111111111
1,0.2,NegtiveCopykitten,1000,0.3587222222222223,0.0031838885667788215,0.3524818006313358,0.3649626438131088,0.3620370370370371
1,0.2,Grudger,1000,0.0,0.0,0,0.0,0.0
1,0.225,Random,1000,0.0,0.0,0,0.0,0.0
1,0.225,Cooperator,1000,0.0,0.0,0,0.0,0.0
1,0.225,Cheater,1000,0.39583333333333354,0.003246455707359187,0.38947028014690954,0.40219638651975753,0.387037037037037
1,0.225,Copycat,1000,0.0,0.0,0,0.0,0.0
1,0.225,Copykitten,1000,0.0,0.0,0,0.0,0.0
1,0.225,Copy3kitten,1000,0.0,0.0,0,0.0,0.0
1,0.225,NegtiveCopycat,1000,0.241777777777778,0.002387236148203922,0.23709879492729832,0.2464567606282577,0.2351851851851852
1,0.225,NegtiveCopykitten,1000,0.3623888888888889,0.003095733860660067,0.3563212505219952,0.36845652725578265,0.3777777777777778
1,0.225,Grudger,1000,0.0,0.0,0,0.0,0.0
1,0.25,Random,1000,0.0,0.0,0,0.0,0.0
1,0.25,Cooperator,1000,0.0,0.0,0,0.0,0.0
1,0.25,Cheater,1000,0.39222222222222236,0.0031893416711536306,0.38597111254676125,0.39847333189768347,0.4055555555555555
1,0.25,Copycat,1000,0.0,0.0,0,0.0,0.0
1,0.25,Copykitten,1000,0.0,0.0,0,0.0,0.0
1,0.25,Copy3kitten,1000,0.0,0.0,0,0.0,0.0
1,0.25,NegtiveCopycat,1000,0.24963888888888902,0.002472495888996845,0.2447927969464552,0.2544849808313228,0.25740740740740736
1,0.25,NegtiveCopykitten,1000,0.35813888888888923,0.003190062180077712,0.3518863670159369,0.36439141076184156,0.337037037037037
1,0.25,Grudger,1000,0.0,0.0,0,0.0,0.0
1,0.275,Random,1000,0.0,0.0,0,0.0,0.0
1,0.275,Cooperator,1000,0.0,0.0,0,0.0,0.0
1,0.275,Cheater,1000,0.38755555555555565,0.003295593271185499,0.38109619274403206,0.39401491836707925,0.4092592592592592
1,0.275,Copycat,1000,0.0,0.0,0,0.0,0.0
1,0.275,Copykitten,1000,0.0,0.0,0,0.0,0.0
1,0.275,Copy3kitten,1000,0.0,0.0,0,0.0,0.0
1,0.275,NegtiveCopycat,1000,0.2492500000000003,0.0024985121130040966,0.24435291625851227,0.2541470837414883,0.23055555555555557
1,0.275,NegtiveCopykitten,1000,0.36319444444444393,0.003169150024229474,0.3569829103969542,0.3694059784919337,0.3601851851851851
1,0.275,Grudger,1000,0.0,0.0,0,0.0,0.0
1,0.3,Random,1000,0.0,0.0,0,0.0,0.0
1,0.3,Cooperator,1000,0.0,0.0,0,0.0,0.0
1,0.3,Cheater,1000,0.38336111111111115,0.0033009445571741207,0.37689125977904986,0.38983096244317245,0.37870370370370376
1,0.3,Copycat,1000,0.0,0.0,0,0.0,0.0
1,0.3,Copykitten,1000,0.0,0.0,0,0.0,0.0
1,0.3,Copy3kitten,1000,0.0,0.0,0,0.0,0.0
1,0.3,NegtiveCopycat,1000,0.254611111111111,0.0025809542625068096,0.24955244075659766,0.25966978146562436,0.2509259259259259
1,0.3,NegtiveCopykitten,1000,0.3620277777777773,0.0032302861780346827,0.3556964168688293,0.36835913868672526,0.37037037037037035
1,0.3,Grudger,1000,0.0,0.0,0,0.0,0.0
1,0.325,Random,1000,0.0,0.0,0,0.0,0.0
1,0.325,Cooperator,1000,0.0,0.0,0,0.0,0.0
1,0.325,Cheater,1000,0.3821666666666669,0.0033845922537261704,0.3755328658493636,0.3888004674839702,0.36574074074074064
1,0.325,Copycat,1000,0.0,0.0,0,0.0,0.0
1,0.325,Copykitten,1000,0.0,0.0,0,0.0,0.0
1,0.325,Copy3kitten,1000,0.0,0.0,0,0.0,0.0
1,0.325,NegtiveCopycat,1000,0.258305555555556,0.0025745353753766358,0.2532594662198178,0.2633516448912942,0.22592592592592595
1,0.325,NegtiveCopykitten,1000,0.359527777777778,0.003257648230582363,0.3531427872458366,0.3659127683097194,0.4083333333333334
1,0.325,Grudger,1000,0.0,0.0,0,0.0,0.0
1,0.35,Random,1000,0.0,0.0,0,0.0,0.0
1,0.35,Cooperator,1000,0.0,0.0,0,0.0,0.0
1,0.35,Cheater,1000,0.38463888888888903,0.00347558129144776,0.37782674955765144,0.3914510282201266,0.3777777777777778
1,0.35,Copycat,1000,0.0,0.0,0,0.0,0.0
1,0.35,Copykitten,1000,0.0,0.0,0,0.0,0.0
1,0.35,Copy3kitten,1000,0.0,0.0,0,0.0,0.0
1,0.35,NegtiveCopycat,1000,0.2614444444444447,0.0025319813285185357,0.2564817610405484,0.26640712784834103,0.2731481481481481
1,0.35,NegtiveCopykitten,1000,0.35391666666666627,0.003252922787430099,0.34754093800330327,0.36029239533002927,0.34907407407407404
1,0.35,Grudger,1000,0.0,0.0,0,0.0,0.0
1,0.375,Random,1000,0.0,0.0,0,0.0,0.0
1,0.375,Cooperator,1000,0.0,0.0,0,0.0,0.0
1,0.375,Cheater,1000,0.3823611111111115,0.0032981795475434715,0.3758966791979263,0.38882554302429667,0.3731481481481482
1,0.375,Copycat,1000,0.0,0.0,0,0.0,0.0
1,0.375,Copykitten,1000,0.0,0.0,0,0.0,0.0
1,0.375,Copy3kitten,1000,0.0,0.0,0,0.0,0.0
1,0.375,NegtiveCopycat,1000,0.26413888888888903,0.0026870282066897744,0.25887231360377705,0.269405464174001,0.2592592592592593
1,0.375,NegtiveCopykitten,1000,0.35349999999999954,0.003272217600543901,0.3470864535029335,0.3599135464970656,0.36759259259259264
1,0.375,Grudger,1000,0.0,0.0,0,0.0,0.0
1,0.4,Random,1000,0.0,0.0,0,0.0,0.0
1,0.4,Cooperator,1000,0.0,0.0,0,0.0,0.0
1,0.4,Cheater,1000,0.3794166666666668,0.003263684807274953,0.3730198444444079,0.3858134888889257,0.40092592592592596
1,0.4,Copycat,1000,0.0,0.0,0,0.0,0.0
1,0.4,Copykitten,1000,0.0,0.0,0,0.0,0.0
1,0.4,Copy3kitten,1000,0.0,0.0,0,0.0,0.0
1,0.4,NegtiveCopycat,1000,0.26416666666666655,0.0027047884751880973,0.2588652812552979,0.2694680520780352,0.2388888888888889
1,0.4,NegtiveCopykitten,1000,0.3564166666666662,0.003165621955646287,0.3502120476335995,0.36262128569973295,0.3601851851851852
1,0.4,Grudger,1000,0.0,0.0,0,0.0,0.0
1,0.425,Random,1000,0.0,0.0,0,0.0,0.0
1,0.425,Cooperator,1000,0.0,0.0,0,0.0,0.0
1,0.425,Cheater,1000,0.37730555555555595,0.003167899019114471,0.3710964734780916,0.3835146376330203,0.42592592592592593
1,0.425,Copycat,1000,0.0,0.0,0,0.0,0.0
1,0.425,Copykitten,1000,0.0,0.0,0,0.0,0.0
1,0.425,Copy3kitten,1000,0.0,0.0,0,0.0,0.0
1,0.425,NegtiveCopycat,1000,0.2697500000000002,0.002724928091431746,0.264409140940794,0.27509085905920644,0.22777777777777775
1,0.425,NegtiveCopykitten,1000,0.35294444444444356,0.0032149053610764614,0.3466432299367337,0.35924565895215343,0.3462962962962963
1,0.425,Grudger,1000,0.0,0.0,0,0.0,0.0
1,0.45,Random,1000,0.0,0.0,0,0.0,0.0
1,0.45,Cooperator,1000,0.0,0.0,0,0.0,0.0
1,0.45,Cheater,1000,0.37705555555555614,0.0033503122057244846,0.37048894363233614,0.38362216747877614,0.3972222222222223
1,0.45,Copycat,1000,0.0,0.0,0,0.0,0.0
1,0.45,Copykitten,1000,0.0,0.0,0,0.0,0.0
1,0.45,Copy3kitten,1000,0.0,0.0,0,0.0,0.0
1,0.45,NegtiveCopycat,1000,0.271,0.0026985795734850056,0.2657107840359694,0.2762892159640306,0.2657407407407407
1,0.45,NegtiveCopykitten,1000,0.35194444444444434,0.0032304283227816808,0.34561280493179225,0.3582760839570964,0.337037037037037
1,0.45,Grudger,1000,0.0,0.0,0,0.0,0.0
1,0.475,Random,1000,0.0,0.0,0,0.0,0.0
1,0.475,Cooperator,1000,0.0,0.0,0,0.0,0.0
1,0.475,Cheater,1000,0.37152777777777785,0.0031366912324044685,0.3653798629622651,0.3776756925932906,0.34907407407407404
1,0.475,Copycat,1000,0.0,0.0,0,0.0,0.0
1,0.475,Copykitten,1000,0.0,0.0,0,0.0,0.0
1,0.475,Copy3kitten,1000,0.0,0.0,0,0.0,0.0
1,0.475,NegtiveCopycat,1000,0.27736111111111117,0.0026216811298314722,0.2722226160966415,0.28249960612558084,0.3101851851851852
1,0.475,NegtiveCopykitten,1000,0.35111111111111104,0.0030888045508026666,0.3450570541915378,0.35716516803068427,0.34074074074074073
1,0.475,Grudger,1000,0.0,0.0,0,0.0,0.0
1,0.5,Random,1000,0.0,0.0,0,0.0,0.0
1,0.5,Cooperator,1000,0.0,0.0,0,0.0,0.0
1,0.5,Cheater,1000,0.3732499999999993,0.0032794215474581546,0.3668223337669813,0.3796776662330173,0.3509259259259259
1,0.5,Copycat,1000,0.0,0.0,0,0.0,0.0
1,0.5,Copykitten,1000,0.0,0.0,0,0.0,0.0
1,0.5,Copy3kitten,1000,0.0,0.0,0,0.0,0.0
1,0.5,NegtiveCopycat,1000,0.2733611111111111,0.002799067425284856,0.26787493895755277,0.27884728326466945,0.2935185185185185
1,0.5,NegtiveCopykitten,1000,0.35338888888888925,0.0032698317731216483,0.3469800186135708,0.3597977591642077,0.3555555555555555
1,0.5,Grudger,1000,0.0,0.0,0,0.0,0.0
2,0.0,Random,1000,0.0,0.0,0,0.0,0.0
2,0.0,Cooperator,1000,0.0,0.0,0,0.0,0.0
2,0.0,Cheater,1000,0.42044444444444423,0.00440000303333532,0.411820438499107,0.4290684503897815,0.39074074074074067
2,0.0,Copycat,1000,0.015416666666666667,0.0035520084657392936,0.00845473007381765,0.022378603259515684,0.0
2,0.0,Copykitten,1000,0.0061111111111111106,0.0018459197613776388,0.0024931083788109387,0.009729113843411283,0.019444444444444445
2,0.0,Copy3kitten,1000,0.0005555555555555556,0.0004390733173065341,0,0.0014161392574763623,0.0
2,0.0,NegtiveCopycat,1000,0.1926666666666673,0.002598767611632892,0.18757308214786683,0.19776025118546775,0.18611111111111114
2,0.0,NegtiveCopykitten,1000,0.3563333333333337,0.004149290502411436,0.3482007239486073,0.36446594271806015,0.4037037037037037
2,0.0,Grudger,1000,0.008472222222222221,0.0024469265704141836,0.0036762461442104216,0.01326819830023402,0.0
2,0.025,Random,1000,0.0,0.0,0,0.0,0.0
2,0.025,Cooperator,1000,0.0,0.0,0,0.0,0.0
2,0.025,Cheater,1000,0.4184444444444449,0.004017017890055431,0.41057108937993625,0.42631779950895354,0.4268518518518519
2,0.025,Copycat,1000,0.011666666666666665,0.003195148573463383,0.005404175462678434,0.017929157870654897,0.0
2,0.025,Copykitten,1000,0.0018333333333333335,0.0009633911806797106,0,0.0037215800474655666,0.0
2,0.025,Copy3kitten,1000,0.0,0.0,0,0.0,0.0
2,0.025,NegtiveCopycat,1000,0.19497222222222255,0.00238144657721852,0.19030458693087424,0.19963985751357086,0.18796296296296297
2,0.025,NegtiveCopykitten,1000,0.36738888888888827,0.003851822575669654,0.3598393166405757,0.3749384611372008,0.3851851851851852
2,0.025,Grudger,1000,0.005694444444444444,0.0020691225557870575,0.001638964235101811,0.009749924653787077,0.0
2,0.05,Random,1000,0.0,0.0,0,0.0,0.0
2,0.05,Cooperator,1000,0.0,0.0,0,0.0,0.0
2,0.05,Cheater,1000,0.4170000000000002,0.0038376528544519463,0.4094782004052744,0.424521799594726,0.3833333333333334
2,0.05,Copycat,1000,0.009666666666666665,0.002768432729060058,0.004240538517708952,0.015092794815624378,0.062037037037037036
2,0.05,Copykitten,1000,0.0017777777777777776,0.0008699744944842627,7.262776858862289e-05,0.0034829277869669324,0.01388888888888889
2,0.05,Copy3kitten,1000,0.0,0.0,0,0.0,0.0
2,0.05,NegtiveCopycat,1000,0.2049444444444451,0.0025451951087487033,0.19995586203129764,0.20993302685759255,0.20277777777777783
2,0.05,NegtiveCopykitten,1000,0.3620277777777778,0.003702234338994397,0.35477139847334876,0.3692841570822068,0.31388888888888894
2,0.05,Grudger,1000,0.004583333333333333,0.0017733997417883531,0.0011074698394281613,0.008059196827238505,0.024074074074074074
2,0.075,Random,1000,0.0,0.0,0,0.0,0.0
2,0.075,Cooperator,1000,0.0,0.0,0,0.0,0.0
2,0.075,Cheater,1000,0.4170277777777784,0.003796472382937381,0.40958669190722113,0.42446886364833564,0.437037037037037
2,0.075,Copycat,1000,0.0062499999999999995,0.002304594555116115,0.0017329946719724142,0.010767005328027584,0.0
2,0.075,Copykitten,1000,0.0009722222222222222,0.0005880911940227083,0,0.0021248809625067306,0.0
2,0.075,Copy3kitten,1000,0.0,0.0,0,0.0,0.0
2,0.075,NegtiveCopycat,1000,0.21216666666666686,0.002613150179860397,0.2070448923141405,0.21728844101919323,0.2138888888888889
2,0.075,NegtiveCopykitten,1000,0.3578333333333333,0.003627008290555319,0.35072439708384484,0.3649422695828217,0.34907407407407404
2,0.075,Grudger,1000,0.00575,0.002289762836448465,0.0012620648405610082,0.010237935159438992,0.0
2,0.1,Random,1000,0.0,0.0,0,0.0,0.0
2,0.1,Cooperator,1000,0.0,0.0,0,0.0,0.0
2,0.1,Cheater,1000,0.41594444444444406,0.0037285747348690945,0.40863643796410065,0.42325245092478747,0.40925925925925927
2,0.1,Copycat,1000,0.0023888888888888887,0.0014654949516224823,0,0.0052612589940689534,0.0
2,0.1,Copykitten,1000,0.0009166666666666668,0.0006505336481387405,0,0.002191712617018598,0.0
2,0.1,Copy3kitten,1000,0.0,0.0,0,0.0,0.0
2,0.1,NegtiveCopycat,1000,0.21766666666666698,0.0026880606605058253,0.21239806777207557,0.2229352655612584,0.21481481481481485
2,0.1,NegtiveCopykitten,1000,0.36047222222222214,0.003633858331992901,0.35334985989151607,0.3675945845529282,0.37592592592592594
2,0.1,Grudger,1000,0.0026111111111111114,0.0015391581779614675,0,0.005627861139915587,0.0
2,0.125,Random,1000,0.0,0.0,0,0.0,0.0
2,0.125,Cooperator,1000,0.0,0.0,0,0.0,0.0
2,0.125,Cheater,1000,0.41666666666666663,0.0036075695097453403,0.40959583042756575,0.4237375029057675,0.4509259259259259
2,0.125,Copycat,1000,0.0011666666666666668,0.0010136291781403383,0,0.00315337985582173,0.0
2,0.125,Copykitten,1000,0.0004444444444444444,0.0004444444444444417,0,0.00131555555555555,0.0
2,0.125,Copy3kitten,1000,0.0,0.0,0,0.0,0.0
2,0.125,NegtiveCopycat,1000,0.21625000000000055,0.0024976624658071245,0.21135458156701858,0.22114541843298252,0.21203703703703705
2,0.125,NegtiveCopykitten,1000,0.3636388888888894,0.003455872305641375,0.3568653791698323,0.3704123986079465,0.33703703703703713
2,0.125,Grudger,1000,0.0018333333333333335,0.001301067296277471,0,0.004383425234037177,0.0
2,0.15,Random,1000,0.0,0.0,0,0.0,0.0
2,0.15,Cooperator,1000,0.0,0.0,0,0.0,0.0
2,0.15,Cheater,1000,0.4090833333333332,0.003710420065537296,0.40181091000488006,0.4163557566617863,0.412962962962963
2,0.15,Copycat,1000,0.0011666666666666668,0.001013629178140345,0,0.003153379855821743,0.0
2,0.15,Copykitten,1000,0.0001111111111111111,0.0001111111111111109,0,0.00032888888888888844,0.0
2,0.15,Copy3kitten,1000,0.0,0.0,0,0.0,0.0
2,0.15,NegtiveCopycat,1000,0.2229444444444447,0.0025645746416267843,0.2179178781468562,0.2279710107420332,0.22592592592592592
2,0.15,NegtiveCopykitten,1000,0.36497222222222214,0.00349155489948389,0.3581287746192337,0.3718156698252106,0.3611111111111111
2,0.15,Grudger,1000,0.0017222222222222224,0.001232947301362404,0,0.004138798932892534,0.0
2,0.175,Random,1000,0.0,0.0,0,0.0,0.0
2,0.175,Cooperator,1000,0.0,0.0,0,0.0,0.0
2,0.175,Cheater,1000,0.4051111111111117,0.0034498577945697028,0.39834938983375506,0.41187283238846834,0.4425925925925926
2,0.175,Copycat,1000,0.0,0.0,0,0.0,0.0
2,0.175,Copykitten,1000,0.0,0.0,0,0.0,0.0
2,0.175,Copy3kitten,1000,0.0,0.0,0,0.0,0.0
2,0.175,NegtiveCopycat,1000,0.22866666666666666,0.0023582308221705836,0.2240445342552123,0.233288799078121,0.21111111111111117
2,0.175,NegtiveCopykitten,1000,0.36622222222222306,0.0034443906267658977,0.3594712165937619,0.3729732278506842,0.3462962962962963
2,0.175,Grudger,1000,0.0,0.0,0,0.0,0.0
2,0.2,Random,1000,0.0,0.0,0,0.0,0.0
2,0.2,Cooperator,1000,0.0,0.0,0,0.0,0.0
2,0.2,Cheater,1000,0.40436111111111145,0.003485917380573114,0.39752871304518816,0.41119350917703473,0.3777777777777779
2,0.2,Copycat,1000,0.0006666666666666666,0.000666666666666685,0,0.001973333333333369,0.02222222222222222
2,0.2,Copykitten,1000,0.0,0.0,0,0.0,0.0
2,0.2,Copy3kitten,1000,0.0,0.0,0,0.0,0.0
2,0.2,NegtiveCopycat,1000,0.23211111111111127,0.0024940245447939986,0.22722282300331503,0.2369993992189075,0.24166666666666667
2,0.2,NegtiveCopykitten,1000,0.3625277777777783,0.0034419516912683815,0.3557815524628923,0.3692740030926643,0.34722222222222227
2,0.2,Grudger,1000,0.0003333333333333333,0.0003333333333333425,0,0.0009866666666666845,0.01111111111111111
2,0.225,Random,1000,0.0,0.0,0,0.0,0.0
2,0.225,Cooperator,1000,0.0,0.0,0,0.0,0.0
2,0.225,Cheater,1000,0.4051111111111109,0.0032382902217987794,0.39876406227638533,0.4114581599458365,0.4342592592592593
2,0.225,Copycat,1000,0.0,0.0,0,0.0,0.0
2,0.225,Copykitten,1000,0.0,0.0,0,0.0,0.0
2,0.225,Copy3kitten,1000,0.0,0.0,0,0.0,0.0
2,0.225,NegtiveCopycat,1000,0.23022222222222227,0.0024366591222508903,0.22544637034261053,0.23499807410183401,0.2185185185185185
2,0.225,NegtiveCopykitten,1000,0.36466666666666675,0.003281020943512106,0.358235865617383,0.3710974677159505,0.34722222222222227
2,0.225,Grudger,1000,0.0,0.0,0,0.0,0.0
2,0.25,Random,1000,0.0,0.0,0,0.0,0.0
2,0.25,Cooperator,1000,0.0,0.0,0,0.0,0.0
2,0.25,Cheater,1000,0.4048055555555556,0.00335723815869937,0.3982253687645048,0.41138574234660635,0.43148148148148147
2,0.25,Copycat,1000,0.0,0.0,0,0.0,0.0
2,0.25,Copykitten,1000,0.0,0.0,0,0.0,0.0
2,0.25,Copy3kitten,1000,0.0,0.0,0,0.0,0.0
2,0.25,NegtiveCopycat,1000,0.22919444444444437,0.002428553563223693,0.22443447946052592,0.23395440942836282,0.2611111111111111
2,0.25,NegtiveCopykitten,1000,0.366,0.0032889455516706472,0.3595536667187255,0.37244633328127447,0.30740740740740746
2,0.25,Grudger,1000,0.0,0.0,0,0.0,0.0
2,0.275,Random,1000,0.0,0.0,0,0.0,0.0
2,0.275,Cooperator,1000,0.0,0.0,0,0.0,0.0
2,0.275,Cheater,1000,0.4069999999999996,0.0033526596526488616,0.4004287870808078,0.41357121291919136,0.3953703703703704
2,0.275,Copycat,1000,0.0,0.0,0,0.0,0.0
2,0.275,Copykitten,1000,0.0,0.0,0,0.0,0.0
2,0.275,Copy3kitten,1000,0.0,0.0,0,0.0,0.0
2,0.275,NegtiveCopycat,1000,0.23391666666666658,0.002448470253169264,0.22911766497045483,0.23871566836287833,0.24444444444444444
2,0.275,NegtiveCopykitten,1000,0.3590833333333334,0.00331615049525705,0.3525836783626296,0.36558298830403724,0.3601851851851852
2,0.275,Grudger,1000,0.0,0.0,0,0.0,0.0
2,0.3,Random,1000,0.0,0.0,0,0.0,0.0
2,0.3,Cooperator,1000,0.0,0.0,0,0.0,0.0
2,0.3,Cheater,1000,0.3965833333333335,0.003430473741998177,0.3898596047990171,0.4033070618676499,0.3842592592592593
2,0.3,Copycat,1000,0.0,0.0,0,0.0,0.0
2,0.3,Copykitten,1000,0.0,0.0,0,0.0,0.0
2,0.3,Copy3kitten,1000,0.0,0.0,0,0.0,0.0
2,0.3,NegtiveCopycat,1000,0.24019444444444477,0.002418098070493718,0.23545497222627707,0.24493391666261247,0.25277777777777777
2,0.3,NegtiveCopykitten,1000,0.3632222222222217,0.003316680681209971,0.35672152808705015,0.3697229163573933,0.362962962962963
2,0.3,Grudger,1000,0.0,0.0,0,0.0,0.0
2,0.325,Random,1000,0.0,0.0,0,0.0,0.0
2,0.325,Cooperator,1000,0.0,0.0,0,0.0,0.0
2,0.325,Cheater,1000,0.3956944444444446,0.0033351141528197036,0.389157620704918,0.40223126818397126,0.4037037037037037
2,0.325,Copycat,1000,0.0,0.0,0,0.0,0.0
2,0.325,Copykitten,1000,0.0,0.0,0,0.0,0.0
2,0.325,Copy3kitten,1000,0.0,0.0,0,0.0,0.0
2,0.325,NegtiveCopycat,1000,0.2397500000000001,0.0024699967738998057,0.23490880632315647,0.24459119367684373,0.23425925925925928
2,0.325,NegtiveCopykitten,1000,0.3645555555555549,0.00321719411790979,0.35824985508445173,0.3708612560266581,0.36203703703703705
2,0.325,Grudger,1000,0.0,0.0,0,0.0,0.0
2,0.35,Random,1000,0.0,0.0,0,0.0,0.0
2,0.35,Cooperator,1000,0.0,0.0,0,0.0,0.0
2,0.35,Cheater,1000,0.39477777777777806,0.0032485434452993694,0.3884106326249913,0.4011449229305648,0.39259259259259266
2,0.35,Copycat,1000,0.0,0.0,0,0.0,0.0
2,0.35,Copykitten,1000,0.0,0.0,0,0.0,0.0
2,0.35,Copy3kitten,1000,0.0,0.0,0,0.0,0.0
2,0.35,NegtiveCopycat,1000,0.24575,0.002473551534082048,0.24090183899319917,0.2505981610068008,0.24999999999999997
2,0.35,NegtiveCopykitten,1000,0.3594722222222223,0.0031815728161707956,0.35323633950252753,0.3657081049419171,0.3574074074074074
2,0.35,Grudger,1000,0.0,0.0,0,0.0,0.0
2,0.375,Random,1000,0.0,0.0,0,0.0,0.0
2,0.375,Cooperator,1000,0.0,0.0,0,0.0,0.0
2,0.375,Cheater,1000,0.39644444444444416,0.003339169250854722,0.3898996727127689,0.40298921617611944,0.41018518518518526
2,0.375,Copycat,1000,0.0,0.0,0,0.0,0.0
2,0.375,Copykitten,1000,0.0,0.0,0,0.0,0.0
2,0.375,Copy3kitten,1000,0.0,0.0,0,0.0,0.0
2,0.375,NegtiveCopycat,1000,0.24555555555555558,0.0025335280624962054,0.240589840553063,0.2505212705580481,0.23333333333333334
2,0.375,NegtiveCopykitten,1000,0.35799999999999965,0.0032457366515707283,0.35163835616292105,0.36436164383707825,0.35648148148148157
2,0.375,Grudger,1000,0.0,0.0,0,0.0,0.0
2,0.4,Random,1000,0.0,0.0,0,0.0,0.0
2,0.4,Cooperator,1000,0.0,0.0,0,0.0,0.0
2,0.4,Cheater,1000,0.3904444444444442,0.003386808301405686,0.38380630017368905,0.39708258871519936,0.3490740740740741
2,0.4,Copycat,1000,0.0,0.0,0,0.0,0.0
2,0.4,Copykitten,1000,0.0,0.0,0,0.0,0.0
2,0.4,Copy3kitten,1000,0.0,0.0,0,0.0,0.0
2,0.4,NegtiveCopycat,1000,0.24452777777777795,0.0024164685038101453,0.23979149951031006,0.24926405604524585,0.23518518518518525
2,0.4,NegtiveCopykitten,1000,0.36502777777777745,0.00329013069510241,0.35857912161537675,0.37147643394017815,0.4157407407407408
2,0.4,Grudger,1000,0.0,0.0,0,0.0,0.0
2,0.425,Random,1000,0.0,0.0,0,0.0,0.0
2,0.425,Cooperator,1000,0.0,0.0,0,0.0,0.0
2,0.425,Cheater,1000,0.39008333333333334,0.0033660242826401583,0.38348592573935864,0.39668074092730804,0.4055555555555555
2,0.425,Copycat,1000,0.0,0.0,0,0.0,0.0
2,0.425,Copykitten,1000,0.0,0.0,0,0.0,0.0
2,0.425,Copy3kitten,1000,0.0,0.0,0,0.0,0.0
2,0.425,NegtiveCopycat,1000,0.24966666666666681,0.002611213457316407,0.24454868829032667,0.25478464504300696,0.22962962962962966
2,0.425,NegtiveCopykitten,1000,0.36025000000000035,0.003234602485570582,0.353910179128282,0.3665898208717187,0.36481481481481476
2,0.425,Grudger,1000,0.0,0.0,0,0.0,0.0
2,0.45,Random,1000,0.0,0.0,0,0.0,0.0
2,0.45,Cooperator,1000,0.0,0.0,0,0.0,0.0
2,0.45,Cheater,1000,0.39633333333333326,0.003318072059914814,0.38982991209590023,0.4028367545707663,0.387962962962963
2,0.45,Copycat,1000,0.0,0.0,0,0.0,0.0
2,0.45,Copykitten,1000,0.0,0.0,0,0.0,0.0
2,0.45,Copy3kitten,1000,0.0,0.0,0,0.0,0.0
2,0.45,NegtiveCopycat,1000,0.24866666666666729,0.0024147906596596216,0.24393367697373441,0.25339965635960016,0.23425925925925925
2,0.45,NegtiveCopykitten,1000,0.35500000000000015,0.0033154434099394187,0.34850173091651887,0.3614982690834814,0.3777777777777778
2,0.45,Grudger,1000,0.0,0.0,0,0.0,0.0
2,0.475,Random,1000,0.0,0.0,0,0.0,0.0
2,0.475,Cooperator,1000,0.0,0.0,0,0.0,0.0
2,0.475,Cheater,1000,0.3807777777777777,0.003369187661673607,0.3741741699608975,0.38738138559465796,0.39629629629629626
2,0.475,Copycat,1000,0.0,0.0,0,0.0,0.0
2,0.475,Copykitten,1000,0.0,0.0,0,0.0,0.0
2,0.475,Copy3kitten,1000,0.0,0.0,0,0.0,0.0
2,0.475,NegtiveCopycat,1000,0.2572500000000002,0.002557571118865062,0.25223716060702467,0.26226283939297573,0.2546296296296296
2,0.475,NegtiveCopykitten,1000,0.3619722222222219,0.003253649275836798,0.3555950696415818,0.36834937480286206,0.34907407407407404
2,0.475,Grudger,1000,0.0,0.0,0,0.0,0.0
2,0.5,Random,1000,0.0,0.0,0,0.0,0.0
2,0.5,Cooperator,1000,0.0,0.0,0,0.0,0.0
2,0.5,Cheater,1000,0.3801111111111113,0.0032888422202678597,0.3736649803593863,0.3865572418628363,0.39259259259259255
2,0.5,Copycat,1000,0.0,0.0,0,0.0,0.0
2,0.5,Copykitten,1000,0.0,0.0,0,0.0,0.0
2,0.5,Copy3kitten,1000,0.0,0.0,0,0.0,0.0
2,0.5,NegtiveCopycat,1000,0.26519444444444445,0.0026844215256865925,0.2599329782540987,0.2704559106347902,0.262037037037037
2,0.5,NegtiveCopykitten,1000,0.3546944444444443,0.0032352710168742703,0.34835331325137076,0.36103557563751787,0.3453703703703702
2,0.5,Grudger,1000,0.0,0.0,0,0.0,0.0
3,0.0,Random,1000,0.003916666666666667,0.0016054641120296137,0.0007699570070886243,0.00706337632624471,0.0
3,0.0,Cooperator,1000,0.02872222222222223,0.0033253579561305056,0.022204520628206437,0.03523992381623802,0.017592592592592594
3,0.0,Cheater,1000,0.1237500000000001,0.006062152535709245,0.11186818103000998,0.13563181896999021,0.1
3,0.0,Copycat,1000,0.09136111111111112,0.006827905415298407,0.07797841649712624,0.10474380572509599,0.18518518518518517
3,0.0,Copykitten,1000,0.06950000000000003,0.0056268363963279805,0.05847140066319719,0.08052859933680287,0.030555555555555558
3,0.0,Copy3kitten,1000,0.11736111111111122,0.005107046782069042,0.1073512994182559,0.12737092280396656,0.1398148148148148
3,0.0,NegtiveCopycat,1000,0.04227777777777785,0.002379966680837321,0.037613043083336704,0.046942512472219,0.021296296296296296
3,0.0,NegtiveCopykitten,1000,0.43530555555555467,0.010670511507624792,0.4143913530006101,0.45621975811049925,0.3342592592592593
3,0.0,Grudger,1000,0.08780555555555554,0.006474391887431597,0.07511574745618961,0.10049536365492147,0.1712962962962963
3,0.025,Random,1000,0.0057777777777777775,0.0019562529721698064,0.0019435219523249573,0.009612033603230598,0.0
3,0.025,Cooperator,1000,0.018666666666666668,0.002289470194725852,0.014179305085003998,0.023154028248329336,0.014814814814814815
3,0.025,Cheater,1000,0.13147222222222227,0.005710341696642631,0.1202799524968027,0.14266449194764183,0.1611111111111111
3,0.025,Copycat,1000,0.07924999999999999,0.005828000896746407,0.06782711824237703,0.09067288175762295,0.05
3,0.025,Copykitten,1000,0.08611111111111112,0.006135480878226972,0.07408556858978627,0.09813665363243598,0.09259259259259259
3,0.025,Copy3kitten,1000,0.06344444444444446,0.004010228645057243,0.05558439630013226,0.07130449258875665,0.04444444444444444
3,0.025,NegtiveCopycat,1000,0.06463888888888898,0.0029127044603253368,0.05892998814665132,0.07034778963112664,0.08703703703703702
3,0.025,NegtiveCopykitten,1000,0.4293888888888885,0.011691685917508523,0.4064731844905718,0.4523045932872052,0.42407407407407405
3,0.025,Grudger,1000,0.12125000000000007,0.008252292659038877,0.10507550638828386,0.13742449361171627,0.12592592592592594
3,0.05,Random,1000,0.005722222222222222,0.002018212378789013,0.0017665259597957573,0.009677918484648686,0.0
3,0.05,Cooperator,1000,0.011666666666666667,0.0017265768118564018,0.00828257611542812,0.015050757217905214,0.0
3,0.05,Cheater,1000,0.12361111111111102,0.005713843097356908,0.11241197864029148,0.13481024358193056,0.10462962962962963
3,0.05,Copycat,1000,0.09547222222222218,0.006063939576230237,0.08358690065281092,0.10735754379163344,0.09444444444444447
3,0.05,Copykitten,1000,0.12411111111111117,0.0070270075868572954,0.11033817624087087,0.13788404598135148,0.1287037037037037
3,0.05,Copy3kitten,1000,0.03730555555555556,0.00333793557184419,0.030763201834740947,0.04384790927637017,0.027777777777777783
3,0.05,NegtiveCopycat,1000,0.07036111111111122,0.00313651097990315,0.06421354959050105,0.0765086726317214,0.05092592592592592
3,0.05,NegtiveCopykitten,1000,0.3678611111111114,0.01222144967654793,0.34390706974507745,0.3918151524771454,0.45092592592592595
3,0.05,Grudger,1000,0.16388888888888883,0.009315975777589814,0.1456295763648128,0.18214820141296487,0.14259259259259258
3,0.075,Random,1000,0.007111111111111111,0.0021380569068009613,0.0029205195737812264,0.011301702648440996,0.025
3,0.075,Cooperator,1000,0.00772222222222222,0.0014781190989357244,0.0048251087883082,0.01061933565613624,0.01296296296296296
3,0.075,Cheater,1000,0.12150000000000002,0.005546380756853434,0.11062909371656729,0.13237090628343276,0.12500000000000003
3,0.075,Copycat,1000,0.1096388888888889,0.006720541900051257,0.09646662676478843,0.12281115101298937,0.06759259259259259
3,0.075,Copykitten,1000,0.1184722222222223,0.00676867279780825,0.10520562353851813,0.13173882090592648,0.08240740740740742
3,0.075,Copy3kitten,1000,0.03563888888888889,0.003406369866952987,0.02896240394966103,0.04231537382811674,0.021296296296296296
3,0.075,NegtiveCopycat,1000,0.09194444444444455,0.0034979885928631627,0.08508838680243275,0.09880050208645635,0.07407407407407406
3,0.075,NegtiveCopykitten,1000,0.3167500000000003,0.011247171576322369,0.29470554371040847,0.33879445628959215,0.27592592592592596
3,0.075,Grudger,1000,0.1912222222222222,0.01079528852341093,0.1700634567163368,0.21238098772810762,0.31574074074074077
3,0.1,Random,1000,0.0036944444444444446,0.001490243265932889,0.0007735676432159824,0.006615321245672907,0.0
3,0.1,Cooperator,1000,0.006861111111111109,0.0013962354361447384,0.004124489656267421,0.009597732565954796,0.00648148148148148
3,0.1,Cheater,1000,0.11061111111111115,0.005298210160747726,0.1002266191960456,0.12099560302617669,0.07685185185185185
3,0.1,Copycat,1000,0.11869444444444435,0.006813126719933706,0.1053407160733743,0.13204817281551443,0.14444444444444446
3,0.1,Copykitten,1000,0.13058333333333344,0.007154270768291382,0.11656096262748233,0.14460570403918455,0.19351851851851853
3,0.1,Copy3kitten,1000,0.03688888888888891,0.0033714427008543707,0.030280861195214344,0.04349691658256347,0.03333333333333333
3,0.1,NegtiveCopycat,1000,0.09841666666666667,0.003709554000614635,0.09114594082546199,0.10568739250787135,0.1
3,0.1,NegtiveCopykitten,1000,0.2670833333333333,0.010409857634439643,0.24668001236983159,0.287486654296835,0.24537037037037035
3,0.1,Grudger,1000,0.22716666666666666,0.01181497105675413,0.20400932339542857,0.25032400993790477,0.19999999999999998
3,0.125,Random,1000,0.0011944444444444444,0.0008498761198249417,0,0.0028602016393013303,0.0
3,0.125,Cooperator,1000,0.004666666666666666,0.001180991286772169,0.002351923744593215,0.0069814095887401175,0.0
3,0.125,Cheater,1000,0.12277777777777771,0.005478387424978389,0.11204013842482007,0.13351541713073534,0.09629629629629631
3,0.125,Copycat,1000,0.12530555555555564,0.007310208495876913,0.1109775469036369,0.1396335642074744,0.12222222222222223
3,0.125,Copykitten,1000,0.11811111111111108,0.006897740625691804,0.10459153948475515,0.13163068273746703,0.1175925925925926
3,0.125,Copy3kitten,1000,0.02636111111111111,0.0030082354974250874,0.020464969536157937,0.03225725268606428,0.014814814814814814
3,0.125,NegtiveCopycat,1000,0.11033333333333327,0.004010408916304215,0.102472931857377,0.11819373480928953,0.10462962962962964
3,0.125,NegtiveCopykitten,1000,0.2358333333333333,0.00920420318360773,0.21779309509346217,0.25387357157320445,0.2425925925925926
3,0.125,Grudger,1000,0.2554166666666668,0.012746627021301454,0.23043327770491595,0.28040005562841763,0.30185185185185187
3,0.15,Random,1000,0.003277777777777778,0.0013529940645167883,0.0006259094113248726,0.005929646144230683,0.0
3,0.15,Cooperator,1000,0.002888888888888889,0.0008811250306234611,0.0011618838288669055,0.004615893948910873,0.006481481481481481
3,0.15,Cheater,1000,0.1469999999999999,0.0059319924319932976,0.13537329483329305,0.15862670516670677,0.1564814814814815
3,0.15,Copycat,1000,0.1294444444444444,0.00785548357534076,0.1140476966367765,0.14484119225211228,0.07777777777777778
3,0.15,Copykitten,1000,0.11155555555555566,0.006747012412726422,0.09833141122661188,0.12477969988449944,0.08148148148148147
3,0.15,Copy3kitten,1000,0.01488888888888889,0.0022231090433798006,0.010531595163864482,0.0192461826139133,0.025
3,0.15,NegtiveCopycat,1000,0.12300000000000004,0.00425428907324463,0.11466159341644057,0.13133840658355952,0.12314814814814816
3,0.15,NegtiveCopykitten,1000,0.22897222222222258,0.008515051983220327,0.21228272033511073,0.24566172410933443,0.2833333333333333
3,0.15,Grudger,1000,0.23897222222222228,0.012613178201081442,0.21425039294810266,0.2636940514963419,0.24629629629629632
3,0.175,Random,1000,0.0012777777777777776,0.0009039278755092327,0,0.0030494764137758736,0.0
3,0.175,Cooperator,1000,0.0009444444444444444,0.00041300713781185206,0.0001349504543332144,0.0017539384345556745,0.0
3,0.175,Cheater,1000,0.17158333333333323,0.006057927175253375,0.15970979606983662,0.18345687059682983,0.18425925925925926
3,0.175,Copycat,1000,0.1133055555555555,0.007673058027431587,0.09826636182178959,0.1283447492893214,0.12870370370370368
3,0.175,Copykitten,1000,0.08072222222222222,0.005989552224244981,0.06898269986270206,0.09246174458174239,0.052777777777777785
3,0.175,Copy3kitten,1000,0.01241666666666667,0.0021218706126022416,0.008257800265966276,0.016575533067367063,0.027777777777777776
3,0.175,NegtiveCopycat,1000,0.1410555555555556,0.004434485491593742,0.13236396399203187,0.14974714711907933,0.12500000000000003
3,0.175,NegtiveCopykitten,1000,0.22969444444444426,0.007635514264557197,0.21472883648591215,0.24466005240297636,0.23240740740740742
3,0.175,Grudger,1000,0.24899999999999994,0.013018278470664708,0.2234841741974971,0.2745158258025028,0.2490740740740741
3,0.2,Random,1000,0.0005555555555555556,0.0005555555555555559,0,0.001644444444444445,0.0
3,0.2,Cooperator,1000,0.0003055555555555556,0.00016877352583133355,0,0.0006363516661849693,0.0
3,0.2,Cheater,1000,0.2010277777777776,0.006278141146865344,0.18872262112992153,0.2133329344256337,0.20462962962962963
3,0.2,Copycat,1000,0.11255555555555549,0.007966051499646166,0.096942094616249,0.12816901649486198,0.10370370370370369
3,0.2,Copykitten,1000,0.0710833333333333,0.0056601296062680365,0.05998947930504795,0.08217718736161865,0.06944444444444443
3,0.2,Copy3kitten,1000,0.006277777777777777,0.0013702520036534933,0.0035920838506169304,0.008963471704938624,0.012037037037037037
3,0.2,NegtiveCopycat,1000,0.15219444444444447,0.004515575324707331,0.14334391680801808,0.16104497208087085,0.15185185185185185
3,0.2,NegtiveCopykitten,1000,0.23533333333333326,0.007086780441422321,0.2214432436681455,0.24922342299852102,0.22037037037037036
3,0.2,Grudger,1000,0.22066666666666673,0.012529666226425158,0.19610852086287342,0.24522481247046005,0.237962962962963
3,0.225,Random,1000,0.0003888888888888889,0.0003166349081710287,0,0.0010094933089041052,0.0
3,0.225,Cooperator,1000,0.0002777777777777778,0.0002290074665341083,0,0.00072663241218463,0.0
3,0.225,Cheater,1000,0.2505277777777778,0.006161775139852864,0.23845069850366618,0.2626048570518894,0.275
3,0.225,Copycat,1000,0.07430555555555557,0.006742066970975271,0.061091104292444035,0.0875200068186671,0.03425925925925926
3,0.225,Copykitten,1000,0.04822222222222221,0.004829223071006704,0.03875694500304907,0.05768749944139535,0.00925925925925926
3,0.225,Copy3kitten,1000,0.001972222222222222,0.0007394670188492423,0.000522866865277707,0.003421577579166737,0.0
3,0.225,NegtiveCopycat,1000,0.18530555555555575,0.0044983693876932615,0.17648875155567695,0.19412235955543455,0.2064814814814815
3,0.225,NegtiveCopykitten,1000,0.27000000000000024,0.006484197914960512,0.2572909720866776,0.28270902791332286,0.3185185185185185
3,0.225,Grudger,1000,0.16899999999999996,0.011508873542601874,0.1464426078565003,0.19155739214349962,0.1564814814814815
3,0.25,Random,1000,0.0,0.0,0,0.0,0.0
3,0.25,Cooperator,1000,0.0,0.0,0,0.0,0.0
3,0.25,Cheater,1000,0.25299999999999995,0.006096859044518515,0.24105015627274365,0.2649498437272562,0.20092592592592592
3,0.25,Copycat,1000,0.08075,0.007441028917402587,0.06616558332189093,0.09533441667810907,0.125
3,0.25,Copykitten,1000,0.031305555555555566,0.003905583179098555,0.0236506125245224,0.03896049858658873,0.027777777777777776
3,0.25,Copy3kitten,1000,0.0038888888888888883,0.001155412027053944,0.001624281315863158,0.006153496461914619,0.0
3,0.25,NegtiveCopycat,1000,0.1917777777777777,0.0046226828094571605,0.18271731947124167,0.20083823608431375,0.15925925925925927
3,0.25,NegtiveCopykitten,1000,0.2707777777777778,0.006346033117930038,0.2583395528666349,0.28321600268892066,0.24074074074074073
3,0.25,Grudger,1000,0.16849999999999998,0.011543875986911652,0.14587400306565315,0.19112599693434681,0.24629629629629632
3,0.275,Random,1000,0.0,0.0,0,0.0,0.0
3,0.275,Cooperator,1000,0.0,0.0,0,0.0,0.0
3,0.275,Cheater,1000,0.30333333333333323,0.0055822957843305685,0.2923920335960453,0.31427463307062115,0.3268518518518518
3,0.275,Copycat,1000,0.049916666666666665,0.005941558394846345,0.03827121221276783,0.0615621211205655,0.021296296296296296
3,0.275,Copykitten,1000,0.015472222222222219,0.0026689780178392295,0.010241025307257328,0.02070341913718711,0.012037037037037037
3,0.275,Copy3kitten,1000,0.0005,0.00032845482784083847,0,0.0011437714625680434,0.0
3,0.275,NegtiveCopycat,1000,0.21927777777777777,0.004145225670433603,0.2111531354637279,0.22740242009182762,0.23425925925925928
3,0.275,NegtiveCopykitten,1000,0.30677777777777826,0.005493906640148205,0.2960097207630878,0.31754583479246873,0.3722222222222222
3,0.275,Grudger,1000,0.1047222222222222,0.00940472570212432,0.08628895984605854,0.12315548459838586,0.03333333333333333
3,0.3,Random,1000,0.0,0.0,0,0.0,0.0
3,0.3,Cooperator,1000,0.0,0.0,0,0.0,0.0
3,0.3,Cheater,1000,0.32836111111111177,0.004950895115298805,0.3186573566851261,0.3380648655370974,0.3194444444444445
3,0.3,Copycat,1000,0.028611111111111122,0.004759692876774631,0.019282113072632848,0.037940109149589396,0.0037037037037037034
3,0.3,Copykitten,1000,0.005583333333333333,0.0016144546189977764,0.0024190022800976915,0.008747664386568975,0.0
3,0.3,Copy3kitten,1000,0.00019444444444444446,0.00019444444444444424,0,0.0005755555555555552,0.0
3,0.3,NegtiveCopycat,1000,0.2391944444444445,0.003923420951992597,0.231504539378539,0.24688434951035,0.23240740740740742
3,0.3,NegtiveCopykitten,1000,0.3301666666666668,0.0048262393015340715,0.32070723763566,0.33962609569767355,0.3481481481481481
3,0.3,Grudger,1000,0.06788888888888889,0.007790144608393809,0.05262020545643702,0.08315757232134076,0.0962962962962963
3,0.325,Random,1000,0.0,0.0,0,0.0,0.0
3,0.325,Cooperator,1000,0.0,0.0,0,0.0,0.0
3,0.325,Cheater,1000,0.346166666666667,0.004291142580407489,0.33775602720906833,0.3545773061242657,0.3435185185185185
3,0.325,Copycat,1000,0.019027777777777775,0.004094703039521998,0.01100215982031466,0.02705339573524089,0.0
3,0.325,Copykitten,1000,0.0023055555555555555,0.0010885368785635138,0.00017202327357106846,0.004439087837540042,0.039814814814814824
3,0.325,Copy3kitten,1000,0.0,0.0,0,0.0,0.0
3,0.325,NegtiveCopycat,1000,0.2554722222222225,0.0035039773590366287,0.2486044265985107,0.2623400178459343,0.2833333333333333
3,0.325,NegtiveCopykitten,1000,0.3455277777777779,0.004279943447025546,0.3371390886216078,0.35391646693394796,0.33333333333333326
3,0.325,Grudger,1000,0.0315,0.005382986286084227,0.020949346879274917,0.04205065312072508,0.0
3,0.35,Random,1000,0.0,0.0,0,0.0,0.0
3,0.35,Cooperator,1000,0.0,0.0,0,0.0,0.0
3,0.35,Cheater,1000,0.3592777777777778,0.004049357411193985,0.3513410372518376,0.36721451830371804,0.3777777777777777
3,0.35,Copycat,1000,0.00975,0.0028322703881953058,0.004198750039137201,0.015301249960862798,0.0
3,0.35,Copykitten,1000,0.0016944444444444444,0.0008993856473675912,0,0.003457240313284923,0.0
3,0.35,Copy3kitten,1000,0.0,0.0,0,0.0,0.0
3,0.35,NegtiveCopycat,1000,0.26244444444444465,0.0033531664448231877,0.2558722382125912,0.2690166506762981,0.24722222222222223
3,0.35,NegtiveCopykitten,1000,0.34927777777777735,0.0038972339241338835,0.34163919928647496,0.35691635626907975,0.37499999999999994
3,0.35,Grudger,1000,0.017555555555555557,0.004062775913514334,0.009592514765067462,0.02551859634604365,0.0
3,0.375,Random,1000,0.0,0.0,0,0.0,0.0
3,0.375,Cooperator,1000,0.0,0.0,0,0.0,0.0
3,0.375,Cheater,1000,0.3698055555555556,0.0035920171214208997,0.3627652019975707,0.37684590911354054,0.3416666666666667
3,0.375,Copycat,1000,0.003,0.0017303161543469308,0,0.006391419662519984,0.0
3,0.375,Copykitten,1000,0.0,0.0,0,0.0,0.0
3,0.375,Copy3kitten,1000,0.0,0.0,0,0.0,0.0
3,0.375,NegtiveCopycat,1000,0.26677777777777795,0.003036192579359743,0.26082684032223286,0.27272871523332304,0.28425925925925927
3,0.375,NegtiveCopykitten,1000,0.35841666666666616,0.0034693532803375267,0.35161673423720463,0.3652165990961277,0.3740740740740741
3,0.375,Grudger,1000,0.002,0.0014135055705577972,0,0.004770470918293282,0.0
3,0.4,Random,1000,0.0,0.0,0,0.0,0.0
3,0.4,Cooperator,1000,0.0,0.0,0,0.0,0.0
3,0.4,Cheater,1000,0.3678611111111109,0.0033695561566240784,0.36125678104412773,0.3744654411780941,0.374074074074074
3,0.4,Copycat,1000,0.0011944444444444444,0.0010185378558542919,0,0.0031907786419188566,0.0
3,0.4,Copykitten,1000,0.0,0.0,0,0.0,0.0
3,0.4,Copy3kitten,1000,0.0,0.0,0,0.0,0.0
3,0.4,NegtiveCopycat,1000,0.2726666666666667,0.0029748967216243847,0.2668358690922829,0.27849746424105054,0.287962962962963
3,0.4,NegtiveCopykitten,1000,0.35747222222222214,0.0034259190496734033,0.3507574208848623,0.364187023559582,0.33796296296296297
3,0.4,Grudger,1000,0.0008055555555555556,0.0008055555555555556,0,0.0023844444444444442,0.0
3,0.425,Random,1000,0.0,0.0,0,0.0,0.0
3,0.425,Cooperator,1000,0.0,0.0,0,0.0,0.0
3,0.425,Cheater,1000,0.3723611111111119,0.0033788296483044894,0.36573860500043515,0.3789836172217887,0.36574074074074064
3,0.425,Copycat,1000,0.0,0.0,0,0.0,0.0
3,0.425,Copykitten,1000,0.0,0.0,0,0.0,0.0
3,0.425,Copy3kitten,1000,0.0,0.0,0,0.0,0.0
3,0.425,NegtiveCopycat,1000,0.2663055555555556,0.0027484874096611327,0.26091852023261974,0.2716925908784914,0.26759259259259255
3,0.425,NegtiveCopykitten,1000,0.3613333333333326,0.003320603729018945,0.35482495002445547,0.36784171664220977,0.3666666666666666
3,0.425,Grudger,1000,0.0,0.0,0,0.0,0.0
3,0.45,Random,1000,0.0,0.0,0,0.0,0.0
3,0.45,Cooperator,1000,0.0,0.0,0,0.0,0.0
3,0.45,Cheater,1000,0.37033333333333324,0.003319189210788847,0.3638277224801871,0.3768389441864794,0.35555555555555557
3,0.45,Copycat,1000,0.0,0.0,0,0.0,0.0
3,0.45,Copykitten,1000,0.0,0.0,0,0.0,0.0
3,0.45,Copy3kitten,1000,0.0,0.0,0,0.0,0.0
3,0.45,NegtiveCopycat,1000,0.2681944444444444,0.002767746178131374,0.26276966193530693,0.2736192269535819,0.2842592592592592
3,0.45,NegtiveCopykitten,1000,0.3614722222222215,0.0033246595662717055,0.3549558894723289,0.367988554972114,0.3601851851851851
3,0.45,Grudger,1000,0.0,0.0,0,0.0,0.0
3,0.475,Random,1000,0.0,0.0,0,0.0,0.0
3,0.475,Cooperator,1000,0.0,0.0,0,0.0,0.0
3,0.475,Cheater,1000,0.3787777777777781,0.0033009568414560497,0.37230790236852424,0.38524765318703197,0.3685185185185185
3,0.475,Copycat,1000,0.0,0.0,0,0.0,0.0
3,0.475,Copykitten,1000,0.0,0.0,0,0.0,0.0
3,0.475,Copy3kitten,1000,0.0,0.0,0,0.0,0.0
3,0.475,NegtiveCopycat,1000,0.26672222222222247,0.002726644824579618,0.2613779983660464,0.2720664460783985,0.2675925925925926
3,0.475,NegtiveCopykitten,1000,0.3544999999999998,0.0032568900259731305,0.34811649554909246,0.36088350445090717,0.36388888888888893
3,0.475,Grudger,1000,0.0,0.0,0,0.0,0.0
3,0.5,Random,1000,0.0,0.0,0,0.0,0.0
3,0.5,Cooperator,1000,0.0,0.0,0,0.0,0.0
3,0.5,Cheater,1000,0.3763888888888889,0.0032687431216257144,0.36998215237050247,0.3827956254072753,0.37592592592592594
3,0.5,Copycat,1000,0.0,0.0,0,0.0,0.0
3,0.5,Copykitten,1000,0.0,0.0,0,0.0,0.0
3,0.5,Copy3kitten,1000,0.0,0.0,0,0.0,0.0
3,0.5,NegtiveCopycat,1000,0.2686666666666665,0.0026954224788289546,0.2633836386081618,0.2739496947251712,0.28055555555555556
3,0.5,NegtiveCopykitten,1000,0.35494444444444434,0.003270540335848096,0.3485341853861821,0.3613547035027066,0.34351851851851845
3,0.5,Grudger,1000,0.0,0.0,0,0.0,0.0
4,0.0,Random,1000,0.0057777777777777775,0.002177834977083795,0.0015092212226935397,0.010046334332862016,0.0
4,0.0,Cooperator,1000,0.13866666666666652,0.006555180405086463,0.12581851307269706,0.15151482026063598,0.14166666666666666
4,0.0,Cheater,1000,0.008833333333333332,0.002133792047177823,0.0046511009208647985,0.013015565745801864,0.0
4,0.0,Copycat,1000,0.10580555555555556,0.006548966975313964,0.09296958028394019,0.11864153082717092,0.09722222222222222
4,0.0,Copykitten,1000,0.09619444444444442,0.006329955212597274,0.08378773222775376,0.10860115666113507,0.16296296296296295
4,0.0,Copy3kitten,1000,0.26886111111111094,0.007298581165812154,0.2545558920261191,0.28316633019610277,0.2796296296296296
4,0.0,NegtiveCopycat,1000,0.004694444444444444,0.0008938552555971741,0.0029424881434739827,0.006446400745414905,0.005555555555555555
4,0.0,NegtiveCopykitten,1000,0.2436944444444445,0.008085776797700103,0.22784632192095228,0.2595425669679367,0.18333333333333332
4,0.0,Grudger,1000,0.12747222222222226,0.007291811532316995,0.11318027161888096,0.14176417282556358,0.12962962962962962
4,0.025,Random,1000,0.011500000000000002,0.002952544140163821,0.005713013485278912,0.01728698651472109,0.0
4,0.025,Cooperator,1000,0.14102777777777786,0.005911014080850053,0.12944219017931174,0.15261336537624398,0.1388888888888889
4,0.025,Cheater,1000,0.00938888888888889,0.0021208811909003184,0.005231961754724265,0.013545816023053513,0.0
4,0.025,Copycat,1000,0.09827777777777774,0.0052884980891742235,0.08791232152299626,0.10864323403255922,0.1277777777777778
4,0.025,Copykitten,1000,0.1461666666666667,0.00765817582170683,0.13115664205612132,0.16117669127721207,0.18333333333333332
4,0.025,Copy3kitten,1000,0.20844444444444435,0.006918396482487946,0.19488438733876798,0.22200450155012072,0.23796296296296296
4,0.025,NegtiveCopycat,1000,0.009500000000000001,0.0013668974109232739,0.006820881074590385,0.012179118925409618,0.006481481481481481
4,0.025,NegtiveCopykitten,1000,0.24055555555555483,0.008836721991597971,0.2232355804520228,0.25787553065908686,0.28425925925925927
4,0.025,Grudger,1000,0.13513888888888895,0.0076359257556695165,0.1201724744077767,0.1501053033700012,0.021296296296296296
4,0.05,Random,1000,0.008555555555555556,0.002490285628229101,0.0036745957242265174,0.013436515386884593,0.0
4,0.05,Cooperator,1000,0.11447222222222214,0.005320807777865092,0.10404343897760657,0.12490100546683772,0.06851851851851852
4,0.05,Cheater,1000,0.013972222222222221,0.0023728935246308163,0.009321350913945821,0.01862309353049862,0.012962962962962963
4,0.05,Copycat,1000,0.10469444444444446,0.005291351326629618,0.09432339584425041,0.11506549304463852,0.15092592592592594
4,0.05,Copykitten,1000,0.17455555555555566,0.008221327885902394,0.15844175289918697,0.19066935821192435,0.15370370370370373
4,0.05,Copy3kitten,1000,0.1825277777777777,0.00649368215090735,0.1698001607619993,0.1952553947935561,0.30185185185185187
4,0.05,NegtiveCopycat,1000,0.013472222222222222,0.0016237987469260669,0.01028957667824713,0.016654867766197314,0.005555555555555556
4,0.05,NegtiveCopykitten,1000,0.25905555555555565,0.009574614896219358,0.24028931035896572,0.2778218007521456,0.23611111111111108
4,0.05,Grudger,1000,0.12869444444444428,0.007956690220108208,0.11309933161303219,0.14428955727585638,0.07037037037037036
4,0.075,Random,1000,0.019249999999999996,0.0037154417556380178,0.011967734158949483,0.02653226584105051,0.0
4,0.075,Cooperator,1000,0.07550000000000003,0.004415683481216179,0.06684526037681632,0.08415473962318373,0.10092592592592593
4,0.075,Cheater,1000,0.01208333333333333,0.0021110289732834326,0.007945716545697801,0.016220950120968858,0.01851851851851852
4,0.075,Copycat,1000,0.13316666666666668,0.005560666929039039,0.12226775948575017,0.1440655738475832,0.09814814814814815
4,0.075,Copykitten,1000,0.21930555555555553,0.009064688027284485,0.20153876702207793,0.23707234408903313,0.21203703703703705
4,0.075,Copy3kitten,1000,0.16891666666666633,0.00630549234959552,0.1565579016614591,0.18127543167187354,0.1537037037037037
4,0.075,NegtiveCopycat,1000,0.019055555555555565,0.002041393557849221,0.015054424182171091,0.02305668692894004,0.024074074074074074
4,0.075,NegtiveCopykitten,1000,0.2257500000000002,0.010096486064559313,0.20596088731346396,0.24553911268653644,0.26944444444444443
4,0.075,Grudger,1000,0.12697222222222224,0.008342548523249716,0.11062082711665279,0.14332361732779167,0.12314814814814815
4,0.1,Random,1000,0.014555555555555558,0.0031905310106791836,0.008302114774624357,0.02080899633648676,0.0
4,0.1,Cooperator,1000,0.05469444444444448,0.003692429349014075,0.047457282920376896,0.06193160596851207,0.0925925925925926
4,0.1,Cheater,1000,0.01191666666666667,0.002243901970417371,0.007518618804648622,0.016314714528684715,0.021296296296296296
4,0.1,Copycat,1000,0.16758333333333333,0.005908716500018564,0.15600224899329695,0.1791644176733697,0.14629629629629629
4,0.1,Copykitten,1000,0.25130555555555545,0.009103070011295329,0.2334635383334166,0.2691475727776943,0.24722222222222223
4,0.1,Copy3kitten,1000,0.15894444444444422,0.006306489178328431,0.1465837256549205,0.17130516323396794,0.1398148148148148
4,0.1,NegtiveCopycat,1000,0.02266666666666666,0.0022167489041610548,0.018321838814510993,0.02701149451882233,0.007407407407407407
4,0.1,NegtiveCopykitten,1000,0.17772222222222236,0.009827712171157256,0.15845990636675414,0.1969845380776906,0.274074074074074
4,0.1,Grudger,1000,0.1406111111111111,0.009401401290380395,0.12218436458196552,0.15903785764025669,0.07129629629629629
4,0.125,Random,1000,0.017055555555555553,0.003400934193780833,0.010389724535745121,0.023721386575365985,0.046296296296296294
4,0.125,Cooperator,1000,0.04455555555555554,0.0034919425537372423,0.03771134815023055,0.051399762960880536,0.017592592592592594
4,0.125,Cheater,1000,0.009333333333333334,0.001671919206286863,0.006056371689011082,0.012610294977655586,0.0
4,0.125,Copycat,1000,0.19483333333333314,0.0059743576325795465,0.18312359237347722,0.20654307429318905,0.2287037037037037
4,0.125,Copykitten,1000,0.2787499999999998,0.009588884782489879,0.2599557858263196,0.29754421417367993,0.27129629629629626
4,0.125,Copy3kitten,1000,0.15652777777777768,0.00647932271356585,0.1438283052591886,0.16922725029636676,0.18425925925925923
4,0.125,NegtiveCopycat,1000,0.030777777777777772,0.0026363062425355036,0.025610617542408183,0.03594493801314736,0.025
4,0.125,NegtiveCopykitten,1000,0.14841666666666667,0.009949239945482058,0.12891615637352183,0.1679171769598115,0.13055555555555556
4,0.125,Grudger,1000,0.11974999999999995,0.008973324391953882,0.10216228419177034,0.13733771580822957,0.0962962962962963
4,0.15,Random,1000,0.013444444444444445,0.0029704277006309242,0.0076224061512078336,0.019266482737681057,0.0
4,0.15,Cooperator,1000,0.025277777777777784,0.002797160161515043,0.0197953438612083,0.03076021169434727,0.01851851851851852
4,0.15,Cheater,1000,0.010694444444444444,0.0018553468437669874,0.007057964630661148,0.01433092425822774,0.0
4,0.15,Copycat,1000,0.21333333333333335,0.006016728000387372,0.2015405464525741,0.2251261202140926,0.16388888888888886
4,0.15,Copykitten,1000,0.29222222222222205,0.009491563682511082,0.2736187574045003,0.3108256870399438,0.3601851851851852
4,0.15,Copy3kitten,1000,0.15102777777777765,0.006506104083638507,0.13827581377384618,0.16377974178170912,0.11851851851851851
4,0.15,NegtiveCopycat,1000,0.03216666666666669,0.0026762441318055256,0.02692122816832786,0.037412105165005524,0.039814814814814824
4,0.15,NegtiveCopykitten,1000,0.13313888888888892,0.009904688232900884,0.11372569995240318,0.15255207782537467,0.15555555555555553
4,0.15,Grudger,1000,0.1286944444444444,0.009805631173847673,0.10947540734370295,0.14791348154518583,0.14351851851851852
4,0.175,Random,1000,0.011694444444444443,0.0027337404344027847,0.006336313193014985,0.0170525756958739,0.0
4,0.175,Cooperator,1000,0.023444444444444445,0.0026370866179875733,0.0182757546731888,0.028613134215700088,0.013888888888888888
4,0.175,Cheater,1000,0.010083333333333335,0.0017932052821552297,0.0065686509803090844,0.013598015686357585,0.012962962962962963
4,0.175,Copycat,1000,0.23061111111111096,0.006037436963607471,0.21877773466244033,0.2424444875597816,0.2675925925925926
4,0.175,Copykitten,1000,0.3158333333333335,0.009758365851881154,0.29670693626364647,0.3349597304030206,0.24999999999999997
4,0.175,Copy3kitten,1000,0.15847222222222215,0.006604367680286078,0.14552766156886143,0.17141678287558287,0.2416666666666667
4,0.175,NegtiveCopycat,1000,0.04258333333333341,0.002998786478527706,0.036705711835419104,0.04846095483124772,0.027777777777777776
4,0.175,NegtiveCopykitten,1000,0.09030555555555557,0.008085897537817155,0.07445719638143394,0.1061539147296772,0.05092592592592592
4,0.175,Grudger,1000,0.11697222222222217,0.009662094563247084,0.09803451687825789,0.13590992756618644,0.13518518518518519
4,0.2,Random,1000,0.005805555555555555,0.001815483515203087,0.002247207865757505,0.009363903245353605,0.0
4,0.2,Cooperator,1000,0.020944444444444446,0.0025546408299440037,0.0159373484177542,0.025951540471134692,0.026851851851851852
4,0.2,Cheater,1000,0.005805555555555556,0.0012884429516127447,0.0032802073703945764,0.008330903740716536,0.00925925925925926
4,0.2,Copycat,1000,0.24894444444444452,0.006139794516621554,0.23691044719186627,0.2609784416970228,0.2638888888888889
4,0.2,Copykitten,1000,0.3307499999999996,0.009958124818360435,0.31123207535601316,0.35026792464398604,0.2398148148148148
4,0.2,Copy3kitten,1000,0.17116666666666674,0.006876166176796511,0.1576893809601456,0.1846439523731879,0.22407407407407406
4,0.2,NegtiveCopycat,1000,0.041999999999999996,0.0030585818321664194,0.036005179608953816,0.047994820391046175,0.05185185185185185
4,0.2,NegtiveCopykitten,1000,0.052638888888888895,0.006166745511273969,0.04055206768679191,0.06472571009098588,0.04814814814814815
4,0.2,Grudger,1000,0.12194444444444444,0.009979956030056953,0.10238373062553281,0.14150515826335608,0.1361111111111111
4,0.225,Random,1000,0.003583333333333333,0.0014425885663099341,0.0007558597433658621,0.006410806923300804,0.0
4,0.225,Cooperator,1000,0.012888888888888889,0.0020003645288726437,0.008968174412298507,0.01680960336547927,0.012037037037037037
4,0.225,Cheater,1000,0.008277777777777776,0.001529096962339625,0.005280747731592111,0.01127480782396344,0.014814814814814814
4,0.225,Copycat,1000,0.2350000000000003,0.0062767611922390195,0.22269754806321182,0.24730245193678876,0.26111111111111107
4,0.225,Copykitten,1000,0.37463888888888863,0.010760362823496164,0.35354857775483617,0.3957292000229411,0.4777777777777778
4,0.225,Copy3kitten,1000,0.14377777777777778,0.006506756572284543,0.13102453489610008,0.15653102065945548,0.14259259259259263
4,0.225,NegtiveCopycat,1000,0.04411111111111113,0.0032825083824773752,0.03767739468145547,0.050544827540766786,0.03888888888888889
4,0.225,NegtiveCopykitten,1000,0.030638888888888893,0.004319830777254745,0.022172020565469592,0.03910575721230819,0.01851851851851852
4,0.225,Grudger,1000,0.14708333333333334,0.010988787476763198,0.12554530987887746,0.16862135678778922,0.03425925925925925
4,0.25,Random,1000,0.0023333333333333335,0.0011168465031254824,0.00014431418720738803,0.004522352479459279,0.0
4,0.25,Cooperator,1000,0.009222222222222225,0.0016972903035784763,0.0058955332272084115,0.01254891121723604,0.01388888888888889
4,0.25,Cheater,1000,0.013583333333333333,0.002057312380695431,0.009551001067170288,0.01761566559949638,0.012037037037037037
4,0.25,Copycat,1000,0.23711111111111133,0.006674673573793661,0.22402875090647575,0.25019347131574693,0.262037037037037
4,0.25,Copykitten,1000,0.36697222222222187,0.011000466751752428,0.3454113073887871,0.3885331370556566,0.3472222222222222
4,0.25,Copy3kitten,1000,0.13683333333333325,0.006330436743830507,0.12442567731542546,0.14924098935124105,0.06018518518518519
4,0.25,NegtiveCopycat,1000,0.041500000000000016,0.0031978505050722977,0.035232213010058314,0.04776778698994172,0.03333333333333333
4,0.25,NegtiveCopykitten,1000,0.033361111111111105,0.004278528372399629,0.02497519550120783,0.04174702672101438,0.059259259259259255
4,0.25,Grudger,1000,0.15908333333333335,0.011383685037996381,0.13677131065886045,0.18139535600780626,0.21203703703703702
4,0.275,Random,1000,0.0018333333333333333,0.0010683158269508134,0,0.003927232354156928,0.028703703703703707
4,0.275,Cooperator,1000,0.0032500000000000007,0.000928138414367625,0.0014308487078394559,0.005069151292160546,0.0
4,0.275,Cheater,1000,0.028250000000000015,0.0030279808282569066,0.02231515757661648,0.03418484242338355,0.03425925925925925
4,0.275,Copycat,1000,0.21141666666666717,0.007058740163471927,0.19758153594626218,0.22525179738707216,0.1861111111111111
4,0.275,Copykitten,1000,0.4178055555555555,0.011944904165353099,0.39439354339146343,0.44121756771964754,0.38611111111111107
4,0.275,Copy3kitten,1000,0.08947222222222224,0.00536070827519373,0.07896523400284253,0.09997921044160196,0.07314814814814816
4,0.275,NegtiveCopycat,1000,0.043694444444444425,0.003295707522970762,0.03723485769942173,0.05015403118946712,0.06388888888888888
4,0.275,NegtiveCopykitten,1000,0.04288888888888888,0.0043669263050795945,0.034329713330932876,0.05144806444684488,0.028703703703703707
4,0.275,Grudger,1000,0.16138888888888886,0.011498700183428516,0.13885143652936896,0.18392634124840876,0.19907407407407407
4,0.3,Random,1000,0.0006111111111111112,0.0004920900796334363,0,0.0015756076671926463,0.0
4,0.3,Cooperator,1000,0.0016666666666666663,0.0005976179973256541,0.0004953353919083844,0.0028379979414249485,0.0
4,0.3,Cheater,1000,0.04336111111111112,0.0036210623859137037,0.03626382883472026,0.05045839338750198,0.06388888888888888
4,0.3,Copycat,1000,0.1796388888888887,0.007247124694734651,0.1654345244872088,0.19384325329056862,0.19444444444444448
4,0.3,Copykitten,1000,0.3461944444444444,0.012107243444793041,0.32246424729265005,0.3699246415962388,0.2972222222222222
4,0.3,Copy3kitten,1000,0.0855833333333333,0.005380574840709981,0.07503740664554175,0.09612926002112486,0.08240740740740742
4,0.3,NegtiveCopycat,1000,0.06374999999999997,0.004056820988298457,0.055798630862934996,0.07170136913706494,0.07222222222222222
4,0.3,NegtiveCopykitten,1000,0.06394444444444446,0.005101176979332852,0.05394613756495207,0.07394275132393685,0.052777777777777785
4,0.3,Grudger,1000,0.21525,0.012869857227103695,0.19002507983487676,0.24047492016512323,0.23703703703703702
4,0.325,Random,1000,8.333333333333333e-05,6.208812432418649e-05,0,0.00020502605700873885,0.0
4,0.325,Cooperator,1000,0.0003333333333333333,0.00024835249729674585,0,0.0008201042280349552,0.007407407407407407
4,0.325,Cheater,1000,0.09219444444444445,0.005117234871347093,0.08216466409660415,0.10222422479228475,0.08888888888888888
4,0.325,Copycat,1000,0.13805555555555563,0.007345477477516752,0.1236584196996228,0.15245269141148846,0.18518518518518517
4,0.325,Copykitten,1000,0.30286111111111125,0.012353942565152067,0.2786473836834132,0.3270748385388093,0.2657407407407407
4,0.325,Copy3kitten,1000,0.03761111111111114,0.003584014936394501,0.030586441835777915,0.044635780386444356,0.05
4,0.325,NegtiveCopycat,1000,0.09208333333333332,0.0045488256176385265,0.08316763512276182,0.10099903154390483,0.0962962962962963
4,0.325,NegtiveCopykitten,1000,0.11344444444444454,0.006135414409527907,0.10141903220176984,0.12546985668711924,0.12129629629629629
4,0.325,Grudger,1000,0.22333333333333333,0.01295910138393275,0.19793349462082513,0.24873317204584153,0.18518518518518517
4,0.35,Random,1000,0.0002777777777777778,0.00027777777777777827,0,0.0008222222222222231,0.0
4,0.35,Cooperator,1000,0.0,0.0,0,0.0,0.0
4,0.35,Cheater,1000,0.12597222222222207,0.0056714618505930925,0.1148561569950596,0.13708828744938453,0.11111111111111112
4,0.35,Copycat,1000,0.12280555555555557,0.007809399893450927,0.10749913176439176,0.1381119793467194,0.14166666666666666
4,0.35,Copykitten,1000,0.21761111111111112,0.011578976072365594,0.19491631800927456,0.24030590421294767,0.2175925925925926
4,0.35,Copy3kitten,1000,0.024249999999999997,0.0027995022744390923,0.018762975542099377,0.029737024457900618,0.00462962962962963
4,0.35,NegtiveCopycat,1000,0.11077777777777773,0.004775468709738791,0.1014178591066897,0.12013769644886575,0.1037037037037037
4,0.35,NegtiveCopykitten,1000,0.15052777777777776,0.006548903288051497,0.13769192733319682,0.1633636282223587,0.15648148148148147
4,0.35,Grudger,1000,0.2477777777777777,0.013416260485997734,0.22148190722522215,0.27407364833033326,0.26481481481481484
4,0.375,Random,1000,0.0,0.0,0,0.0,0.0
4,0.375,Cooperator,1000,0.0002777777777777778,0.00027777777777777827,0,0.0008222222222222231,0.0
4,0.375,Cheater,1000,0.19797222222222224,0.005914266806149619,0.186380259282169,0.20956418516227548,0.15925925925925927
4,0.375,Copycat,1000,0.08805555555555553,0.007222580477583883,0.07389929781949112,0.10221181329161994,0.10648148148148148
4,0.375,Copykitten,1000,0.13172222222222227,0.009559667795455638,0.11298527334312922,0.15045917110131532,0.20925925925925926
4,0.375,Copy3kitten,1000,0.005555555555555557,0.0013609411459640974,0.002888110909465926,0.008223000201645188,0.010185185185185186
4,0.375,NegtiveCopycat,1000,0.17416666666666641,0.005309236043922511,0.1637605640205783,0.18457276931275454,0.12499999999999999
4,0.375,NegtiveCopykitten,1000,0.22616666666666677,0.006619778901691122,0.21319190001935218,0.23914143331398136,0.2212962962962963
4,0.375,Grudger,1000,0.17608333333333331,0.011769113381078816,0.15301587110641884,0.19915079556024778,0.1685185185185185
4,0.4,Random,1000,0.0,0.0,0,0.0,0.0
4,0.4,Cooperator,1000,0.0,0.0,0,0.0,0.0
4,0.4,Cheater,1000,0.24444444444444452,0.0056741321823638065,0.23332314536701146,0.25556574352187755,0.2731481481481481
4,0.4,Copycat,1000,0.06333333333333335,0.006735661405286474,0.05013143697897186,0.07653522968769484,0.05
4,0.4,Copykitten,1000,0.06277777777777777,0.006974016670001064,0.049108705104575684,0.07644685045097985,0.11111111111111112
4,0.4,Copy3kitten,1000,0.003638888888888889,0.0010770266362835096,0.0015279166817732102,0.005749861096004567,0.0
4,0.4,NegtiveCopycat,1000,0.2201111111111112,0.005204560064996998,0.2099101733837171,0.2303120488385053,0.23425925925925922
4,0.4,NegtiveCopykitten,1000,0.2663611111111111,0.006110256598430334,0.25438500817818765,0.27833721404403455,0.26481481481481484
4,0.4,Grudger,1000,0.13933333333333334,0.010763445793313113,0.11823697957843964,0.16042968708822702,0.06666666666666667
4,0.425,Random,1000,0.0,0.0,0,0.0,0.0
4,0.425,Cooperator,1000,0.0,0.0,0,0.0,0.0
4,0.425,Cheater,1000,0.30550000000000055,0.004532514616686734,0.29661627135129454,0.31438372864870656,0.3064814814814814
4,0.425,Copycat,1000,0.026333333333333337,0.004720111470272457,0.017081914851599322,0.03558475181506735,0.0
4,0.425,Copykitten,1000,0.015222222222222222,0.0036064663025993223,0.00815354826912755,0.022290896175316894,0.0
4,0.425,Copy3kitten,1000,0.0004444444444444444,0.00039278204455479507,0,0.0012142972517718428,0.0
4,0.425,NegtiveCopycat,1000,0.27783333333333304,0.004085092555997673,0.26982655192357763,0.28584011474308846,0.30277777777777776
4,0.425,NegtiveCopykitten,1000,0.3365833333333335,0.004709628390973395,0.32735246168702564,0.3458142049796414,0.3574074074074074
4,0.425,Grudger,1000,0.03808333333333333,0.005889957929650683,0.026539015791217993,0.04962765087544867,0.03333333333333333
4,0.45,Random,1000,0.0,0.0,0,0.0,0.0
4,0.45,Cooperator,1000,0.0,0.0,0,0.0,0.0
4,0.45,Cheater,1000,0.32788888888888845,0.0038929765446876967,0.32025865486130056,0.33551912291647634,0.3305555555555556
4,0.45,Copycat,1000,0.00936111111111111,0.0026396872274069253,0.004187324145393537,0.014534898076828683,0.006481481481481481
4,0.45,Copykitten,1000,0.006138888888888889,0.002094939310614896,0.002032807840083693,0.010244969937694085,0.026851851851851852
4,0.45,Copy3kitten,1000,0.0,0.0,0,0.0,0.0
4,0.45,NegtiveCopycat,1000,0.29994444444444457,0.003709870991342146,0.29267309730141394,0.3072157915874752,0.24722222222222223
4,0.45,NegtiveCopykitten,1000,0.3434444444444447,0.0038882040167865684,0.33582356457154305,0.3510653243173464,0.35555555555555546
4,0.45,Grudger,1000,0.013222222222222222,0.0034966109329480233,0.006368864793644097,0.020075579650800347,0.03333333333333333
4,0.475,Random,1000,0.0,0.0,0,0.0,0.0
4,0.475,Cooperator,1000,0.0,0.0,0,0.0,0.0
4,0.475,Cheater,1000,0.3351666666666666,0.003437825288869522,0.32842852910048237,0.34190480423285086,0.31759259259259254
4,0.475,Copycat,1000,0.00275,0.0015118261076950302,0,0.005713179171082258,0.0
4,0.475,Copykitten,1000,0.0,0.0,0,0.0,0.0
4,0.475,Copy3kitten,1000,0.0,0.0,0,0.0,0.0
4,0.475,NegtiveCopycat,1000,0.30708333333333304,0.0033752845947383732,0.3004677755276458,0.3136988911390203,0.3435185185185185
4,0.475,NegtiveCopykitten,1000,0.35375,0.003557635912460868,0.3467770336115767,0.3607229663884233,0.33888888888888885
4,0.475,Grudger,1000,0.00125,0.0008888884544265456,0,0.0029922213706760296,0.0
4,0.5,Random,1000,0.0,0.0,0,0.0,0.0
4,0.5,Cooperator,1000,0.0,0.0,0,0.0,0.0
4,0.5,Cheater,1000,0.34525000000000017,0.003340434614061204,0.3387027481564402,0.35179725184356014,0.33333333333333337
4,0.5,Copycat,1000,0.001,0.0010000000000000087,0,0.002960000000000017,0.0
4,0.5,Copykitten,1000,0.0,0.0,0,0.0,0.0
4,0.5,Copy3kitten,1000,0.0,0.0,0,0.0,0.0
4,0.5,NegtiveCopycat,1000,0.30194444444444374,0.0031308653356298508,0.29580794838660923,0.30808094050227824,0.32314814814814813
4,0.5,NegtiveCopykitten,1000,0.3518055555555557,0.0033744606945119303,0.3451916125943123,0.3584194985167991,0.34351851851851845
4,0.5,Grudger,1000,0.0,0.0,0,0.0,0.0
5,0.0,Random,1000,0.006055555555555556,0.002287117581751915,0.0015728050953218034,0.010538306015789308,0.0
5,0.0,Cooperator,1000,0.1748888888888889,0.007190388678205457,0.1607957270796062,0.1889820506981716,0.137037037037037
5,0.0,Cheater,1000,0.0,0.0,0,0.0,0.0
5,0.0,Copycat,1000,0.12624999999999995,0.00675217512176989,0.11301573676133096,0.13948426323866894,0.1481481481481481
5,0.0,Copykitten,1000,0.13283333333333308,0.0069393806473777644,0.11923214726447266,0.14643451940219349,0.1277777777777778
5,0.0,Copy3kitten,1000,0.2842777777777775,0.008252267809400764,0.268103332871352,0.300452222684203,0.33981481481481485
5,0.0,NegtiveCopycat,1000,0.0025833333333333333,0.0006412299402945571,0.0013265226503560016,0.003840144016310665,0.0
5,0.0,NegtiveCopykitten,1000,0.10205555555555566,0.005438634801270283,0.0913958313450659,0.11271527976604542,0.1
5,0.0,Grudger,1000,0.17105555555555524,0.007945457047590329,0.1554824597422782,0.18662865136883228,0.1472222222222222
5,0.025,Random,1000,0.016666666666666666,0.0036982776402560277,0.009418042491764853,0.02391529084156848,0.026851851851851852
5,0.025,Cooperator,1000,0.18591666666666654,0.007197387154875461,0.17180978784311063,0.20002354549022244,0.20277777777777775
5,0.025,Cheater,1000,0.0,0.0,0,0.0,0.0
5,0.025,Copycat,1000,0.10122222222222216,0.004883217051466678,0.09165111680134747,0.11079332764309685,0.08425925925925926
5,0.025,Copykitten,1000,0.2091388888888889,0.00899073249356086,0.1915170532015096,0.2267607245762682,0.25462962962962965
5,0.025,Copy3kitten,1000,0.24777777777777754,0.008056404060567469,0.2319872258190653,0.2635683297364898,0.2388888888888889
5,0.025,NegtiveCopycat,1000,0.008083333333333338,0.0011567211846251837,0.005816159811467978,0.010350506855198699,0.006481481481481481
5,0.025,NegtiveCopykitten,1000,0.11600000000000008,0.006122060745853813,0.1040007609381266,0.12799923906187355,0.08703703703703704
5,0.025,Grudger,1000,0.11519444444444442,0.007095503686240355,0.10128725721941333,0.12910163166947553,0.09907407407407408
5,0.05,Random,1000,0.01455555555555556,0.00340552094128399,0.00788073451063894,0.02123037660047218,0.05648148148148149
5,0.05,Cooperator,1000,0.15444444444444397,0.006807565488936406,0.14110161608612862,0.16778727280275932,0.17129629629629628
5,0.05,Cheater,1000,0.0,0.0,0,0.0,0.0
5,0.05,Copycat,1000,0.12916666666666682,0.004771070954862023,0.11981536759513725,0.13851796573819639,0.07222222222222222
5,0.05,Copykitten,1000,0.256611111111111,0.009560391694955084,0.23787274338899905,0.27534947883322297,0.2138888888888889
5,0.05,Copy3kitten,1000,0.2513611111111111,0.008238186245772024,0.23521426606939794,0.26750795615282424,0.23055555555555557
5,0.05,NegtiveCopycat,1000,0.011361111111111112,0.001369348415933666,0.008677188215881126,0.014045034006341097,0.02222222222222222
5,0.05,NegtiveCopykitten,1000,0.11452777777777787,0.006498730028215786,0.10179026692247492,0.12726528863308081,0.08703703703703704
5,0.05,Grudger,1000,0.06797222222222227,0.005724221377901391,0.05675274832153554,0.079191696122909,0.1462962962962963
5,0.075,Random,1000,0.041333333333333375,0.0055871540487476955,0.030382511397787894,0.052284155268878856,0.0
5,0.075,Cooperator,1000,0.12519444444444444,0.006158597455000252,0.11312359343264394,0.13726529545624494,0.12222222222222222
5,0.075,Cheater,1000,0.0,0.0,0,0.0,0.0
5,0.075,Copycat,1000,0.15391666666666642,0.004853155700148052,0.14440448149437624,0.1634288518389566,0.16203703703703703
5,0.075,Copykitten,1000,0.27624999999999994,0.009746362256009904,0.25714712997822053,0.29535287002177935,0.28055555555555556
5,0.075,Copy3kitten,1000,0.2350833333333331,0.008074170069729027,0.2192579599966642,0.250908706670002,0.2472222222222222
5,0.075,NegtiveCopycat,1000,0.0232222222222222,0.002019654656335289,0.019263699095805033,0.027180745348639367,0.0027777777777777775
5,0.075,NegtiveCopykitten,1000,0.09800000000000009,0.006526916398630528,0.08520724385868425,0.11079275614131592,0.09166666666666666
5,0.075,Grudger,1000,0.047000000000000014,0.0051441738163331965,0.03691741931998695,0.05708258068001308,0.09351851851851851
5,0.1,Random,1000,0.02936111111111112,0.00467344556063542,0.020201157812265697,0.03852106440995654,0.05185185185185185
5,0.1,Cooperator,1000,0.11663888888888885,0.005694608834105949,0.10547745557404119,0.1278003222037365,0.09074074074074073
5,0.1,Cheater,1000,0.0017777777777777776,0.0008910273464946741,3.1364178648216534e-05,0.003524191376907339,0.0
5,0.1,Copycat,1000,0.18341666666666648,0.005214580078470125,0.17319608971286504,0.1936372436204679,0.18703703703703706
5,0.1,Copykitten,1000,0.281722222222222,0.009449326987741669,0.2632015413262483,0.3002429031181957,0.16481481481481483
5,0.1,Copy3kitten,1000,0.23255555555555543,0.007824707867627258,0.21721912813500602,0.24789198297610485,0.2916666666666667
5,0.1,NegtiveCopycat,1000,0.026722222222222206,0.0022213454782537612,0.022368385084844834,0.03107605935959958,0.014814814814814814
5,0.1,NegtiveCopykitten,1000,0.09316666666666676,0.006833401151492826,0.07977320040974081,0.1065601329235927,0.11574074074074074
5,0.1,Grudger,1000,0.034638888888888886,0.004997557996204915,0.02484367521632725,0.04443410256145052,0.08333333333333333
5,0.125,Random,1000,0.03566666666666667,0.005029859309151171,0.02580814242073038,0.045525190912602966,0.0
5,0.125,Cooperator,1000,0.10374999999999997,0.005559500809691206,0.0928533784130052,0.11464662158699473,0.16203703703703703
5,0.125,Cheater,1000,0.0011111111111111111,0.0006424627907122741,0,0.002370338180907168,0.0
5,0.125,Copycat,1000,0.19038888888888889,0.0050614957383643055,0.18046835724169485,0.20030942053608292,0.18425925925925926
5,0.125,Copykitten,1000,0.29341666666666655,0.009563326925415496,0.27467254589285217,0.3121607874404809,0.36759259259259264
5,0.125,Copy3kitten,1000,0.24630555555555553,0.007900334088165543,0.23082090074275108,0.26179021036836,0.21759259259259262
5,0.125,NegtiveCopycat,1000,0.04163888888888883,0.0027543219167918756,0.03624041793197676,0.0470373598458009,0.027777777777777776
5,0.125,NegtiveCopykitten,1000,0.058277777777777776,0.005838130869006615,0.046835041274524813,0.06972051428103074,0.039814814814814824
5,0.125,Grudger,1000,0.02944444444444445,0.004858411233651491,0.01992195842648753,0.03896693046240137,0.0009259259259259259
5,0.15,Random,1000,0.02791666666666667,0.004433880975421823,0.019226259954839897,0.03660707337849344,0.046296296296296294
5,0.15,Cooperator,1000,0.09022222222222225,0.005162112018051044,0.0801044826668422,0.1003399617776023,0.061111111111111116
5,0.15,Cheater,1000,0.0016944444444444444,0.0009306183235055429,0,0.0035184563585153083,0.0
5,0.15,Copycat,1000,0.20505555555555569,0.005024845584415656,0.195206858210101,0.21490425290101037,0.20925925925925923
5,0.15,Copykitten,1000,0.3066388888888889,0.009628020474301157,0.28776796875925864,0.32550980901851917,0.37499999999999994
5,0.15,Copy3kitten,1000,0.25411111111111107,0.00795988254313284,0.2385097413265707,0.2697124808956514,0.21944444444444444
5,0.15,NegtiveCopycat,1000,0.043055555555555534,0.0028677321122648,0.037434800615516524,0.048676310495594545,0.06018518518518519
5,0.15,NegtiveCopykitten,1000,0.05544444444444443,0.005904013541178023,0.0438725779037355,0.06701631098515336,0.028703703703703707
5,0.15,Grudger,1000,0.015861111111111114,0.0037067220558750654,0.008595935881595986,0.023126286340626242,0.0
5,0.175,Random,1000,0.034888888888888886,0.004720697903106675,0.025636320998799804,0.04414145677897797,0.020370370370370372
5,0.175,Cooperator,1000,0.08794444444444441,0.005308606377576183,0.07753957594439509,0.09834931294449373,0.12222222222222223
5,0.175,Cheater,1000,0.0009722222222222222,0.0005894030939164018,0,0.0021274522862983697,0.0
5,0.175,Copycat,1000,0.21322222222222234,0.005032444568780078,0.20335863086741338,0.2230858135770313,0.22777777777777777
5,0.175,Copykitten,1000,0.30780555555555533,0.009932110806158316,0.288338618375485,0.32727249273562564,0.30370370370370375
5,0.175,Copy3kitten,1000,0.2655833333333327,0.008050682303597323,0.249803996018282,0.2813626706483835,0.21574074074074073
5,0.175,NegtiveCopycat,1000,0.04747222222222223,0.00315852367356774,0.041281515822029456,0.053662928622415,0.04537037037037037
5,0.175,NegtiveCopykitten,1000,0.022833333333333337,0.004081339640263403,0.014833907638417068,0.030832759028249605,0.025
5,0.175,Grudger,1000,0.019277777777777776,0.004217597743184632,0.011011286201135896,0.027544269354419657,0.03981481481481482
5,0.2,Random,1000,0.02586111111111111,0.004005689822263655,0.018009959059474345,0.03371226316274788,0.0
5,0.2,Cooperator,1000,0.06625000000000003,0.004428111236849838,0.05757090197577435,0.07492909802422572,0.03425925925925926
5,0.2,Cheater,1000,0.00125,0.0005742698009845559,0.00012443119007027044,0.00237556880992973,0.0
5,0.2,Copycat,1000,0.2110555555555553,0.0051322428895728845,0.20099635949199246,0.22111475161911814,0.25277777777777777
5,0.2,Copykitten,1000,0.3301111111111109,0.010373875664796405,0.30977831480810997,0.35044390741411185,0.37962962962962965
5,0.2,Copy3kitten,1000,0.28080555555555536,0.008005311372113253,0.2651151452662134,0.29649596584489735,0.2935185185185185
5,0.2,NegtiveCopycat,1000,0.0475833333333334,0.0032090219291078035,0.04129365035228211,0.053873016314384695,0.03981481481481482
5,0.2,NegtiveCopykitten,1000,0.025527777777777774,0.004554481777441996,0.01660099349399146,0.03445456206156409,0.0
5,0.2,Grudger,1000,0.011555555555555557,0.0032299314464097535,0.00522488992059244,0.017886221190518675,0.0
5,0.225,Random,1000,0.022666666666666672,0.003665567760155085,0.015482153856762704,0.02985117947657064,0.007407407407407407
5,0.225,Cooperator,1000,0.0515833333333334,0.0038169367962420826,0.044102137212698914,0.05906452945396788,0.07777777777777777
5,0.225,Cheater,1000,0.00019444444444444446,0.0001944444444444439,0,0.0005755555555555544,0.0
5,0.225,Copycat,1000,0.20197222222222222,0.005262951137260505,0.19165683799319164,0.2122876064512528,0.1953703703703704
5,0.225,Copykitten,1000,0.3814722222222226,0.011044795392046197,0.35982442325381203,0.40312002119063317,0.3
5,0.225,Copy3kitten,1000,0.27947222222222184,0.007898181397427557,0.26399178668326384,0.29495265776117985,0.2888888888888889
5,0.225,NegtiveCopycat,1000,0.04524999999999999,0.0031588953486190487,0.039058565116706655,0.05144143488329333,0.05648148148148149
5,0.225,NegtiveCopykitten,1000,0.009222222222222222,0.002741924101321373,0.0038480509836323314,0.014596393460812113,0.007407407407407407
5,0.225,Grudger,1000,0.008166666666666668,0.00282048747454027,0.002638511216567738,0.013694822116765596,0.06666666666666667
5,0.25,Random,1000,0.015638888888888886,0.0030035630490727423,0.00975190531270631,0.021525872465071462,0.040740740740740744
5,0.25,Cooperator,1000,0.04908333333333336,0.003896657853864583,0.04144588393975878,0.05672078272690794,0.08240740740740742
5,0.25,Cheater,1000,0.0001111111111111111,0.00011111111111111085,0,0.00032888888888888833,0.0
5,0.25,Copycat,1000,0.1938055555555554,0.005170930448257176,0.18367053187697133,0.20394057923413947,0.19814814814814813
5,0.25,Copykitten,1000,0.4071111111111107,0.011274644077777445,0.3850128087186669,0.4292094135035545,0.36481481481481476
5,0.25,Copy3kitten,1000,0.27455555555555544,0.007820409246074338,0.2592275534332497,0.28988355767786117,0.2527777777777778
5,0.25,NegtiveCopycat,1000,0.04572222222222224,0.0032425496643623693,0.039366824880071996,0.052077619564372485,0.06111111111111111
5,0.25,NegtiveCopykitten,1000,0.00588888888888889,0.0022311465779031783,0.0015158415961986603,0.010261936181579119,0.0
5,0.25,Grudger,1000,0.008083333333333333,0.0028194952953298235,0.0025571225544868794,0.013609544112179787,0.0
5,0.275,Random,1000,0.007916666666666666,0.002039949801217614,0.003918365056280142,0.01191496827705319,0.0
5,0.275,Cooperator,1000,0.034166666666666685,0.0032165309543080926,0.027862265996222824,0.04047106733711055,0.05833333333333334
5,0.275,Cheater,1000,0.0004166666666666667,0.00024351441108116633,0,0.0008939549123857526,0.0
5,0.275,Copycat,1000,0.17525,0.005440182208821797,0.16458724287070928,0.1859127571292907,0.21111111111111108
5,0.275,Copykitten,1000,0.45591666666666664,0.011880037669016021,0.4326317928353952,0.47920154049793806,0.45092592592592595
5,0.275,Copy3kitten,1000,0.2749722222222218,0.007673261359857803,0.2599326299569005,0.2900118144875431,0.24629629629629635
5,0.275,NegtiveCopycat,1000,0.03552777777777779,0.002937405283650484,0.02977046342182284,0.041285092133732736,0.03333333333333333
5,0.275,NegtiveCopykitten,1000,0.0036666666666666666,0.0016471290239917346,0.00043829377964286695,0.006895039553690466,0.0
5,0.275,Grudger,1000,0.012166666666666666,0.0034250528696648493,0.005453563042123561,0.01887977029120977,0.0
5,0.3,Random,1000,0.004472222222222221,0.0013948761506929722,0.0017382649668639958,0.007206179477580447,0.0009259259259259259
5,0.3,Cooperator,1000,0.02277777777777779,0.0025260784687841827,0.01782666397896079,0.027728891576594788,0.04907407407407407
5,0.3,Cheater,1000,0.00075,0.0005304287483972401,0,0.0017896403468585906,0.0
5,0.3,Copycat,1000,0.1516666666666664,0.005611606909559501,0.14066791712392976,0.16266541620940303,0.1537037037037037
5,0.3,Copykitten,1000,0.5106666666666673,0.012301405766948008,0.48655591136344917,0.5347774219698853,0.5435185185185184
5,0.3,Copy3kitten,1000,0.26136111111111104,0.0075589131004300545,0.24654564143426813,0.27617658078795393,0.20370370370370372
5,0.3,NegtiveCopycat,1000,0.029000000000000012,0.002621576393363945,0.02386171026900668,0.034138289730993344,0.01574074074074074
5,0.3,NegtiveCopykitten,1000,0.0014166666666666666,0.0009458969869911126,0,0.003270624761169247,0.0
5,0.3,Grudger,1000,0.017888888888888888,0.004181817632300643,0.009692526329579627,0.02608525144819815,0.03333333333333333
5,0.325,Random,1000,0.005027777777777778,0.0014328864236251052,0.0022193203874725717,0.007836235168082984,0.0
5,0.325,Cooperator,1000,0.011277777777777779,0.0017425102287943763,0.007862457729340801,0.014693097826214757,0.026851851851851852
5,0.325,Cheater,1000,0.0035,0.0012088977028177621,0.0011305605024771862,0.0058694394975228135,0.0
5,0.325,Copycat,1000,0.11547222222222218,0.005427021549838203,0.10483525998453931,0.12610918445990507,0.12407407407407406
5,0.325,Copykitten,1000,0.5669166666666671,0.012538073327192922,0.5423420429453689,0.5914912903879652,0.5185185185185185
5,0.325,Copy3kitten,1000,0.22924999999999965,0.007440854531694619,0.2146659251178782,0.2438340748821211,0.2777777777777778
5,0.325,NegtiveCopycat,1000,0.02975000000000001,0.002793023311746749,0.024275674308976383,0.035224325691023635,0.05277777777777778
5,0.325,NegtiveCopykitten,1000,0.004083333333333333,0.0013720734373991776,0.001394069396030945,0.00677259727063572,0.0
5,0.325,Grudger,1000,0.034722222222222224,0.0057715424868909305,0.023409998947916,0.04603444549652845,0.0
5,0.35,Random,1000,0.002694444444444444,0.0010697416881556695,0.0005977507356593318,0.004791138153229556,0.0
5,0.35,Cooperator,1000,0.00688888888888889,0.0013627832424197605,0.004217833733746159,0.00955994404403162,0.0
5,0.35,Cheater,1000,0.005194444444444443,0.001441965213608695,0.002368192625771401,0.008020696263117485,0.007407407407407407
5,0.35,Copycat,1000,0.10824999999999994,0.005862818204395581,0.09675887631938461,0.11974112368061528,0.0537037037037037
5,0.35,Copykitten,1000,0.5985000000000001,0.012654520901437755,0.5736971390331821,0.6233028609668182,0.7166666666666666
5,0.35,Copy3kitten,1000,0.20908333333333312,0.007460151257775367,0.1944614368680934,0.22370522979857285,0.15092592592592594
5,0.35,NegtiveCopycat,1000,0.026444444444444434,0.0026499471222299295,0.021250548084873772,0.03163834080401509,0.024074074074074074
5,0.35,NegtiveCopykitten,1000,0.005861111111111111,0.001578136380097508,0.0027679638061199954,0.008954258416102227,0.01388888888888889
5,0.35,Grudger,1000,0.03708333333333333,0.005964198477957634,0.025393504316536367,0.048773162350130295,0.03333333333333333
5,0.375,Random,1000,0.0006111111111111112,0.00026294510412271105,9.573870703059753e-05,0.0011264835151916248,0.0009259259259259259
5,0.375,Cooperator,1000,0.0012499999999999998,0.00046419172937045523,0.0003401842104339076,0.002159815789566092,0.0
5,0.375,Cheater,1000,0.021777777777777788,0.0026379182955356124,0.01660745791852799,0.026948097637027588,0.025925925925925925
5,0.375,Copycat,1000,0.09063888888888892,0.006466080599219241,0.07796537091441921,0.10331240686335863,0.10648148148148148
5,0.375,Copykitten,1000,0.5598888888888888,0.013779002066005047,0.5328820448395188,0.5868957329382587,0.576851851851852
5,0.375,Copy3kitten,1000,0.1589166666666666,0.007166005068014362,0.14487129673335844,0.17296203659997475,0.16203703703703703
5,0.375,NegtiveCopycat,1000,0.033777777777777795,0.0029607390719878636,0.027974729196681584,0.039580826358874006,0.017592592592592594
5,0.375,NegtiveCopykitten,1000,0.03163888888888889,0.0037174086400835614,0.02435276795432511,0.03892500982345267,0.029629629629629627
5,0.375,Grudger,1000,0.10150000000000003,0.009515972668865736,0.08284869356902319,0.12015130643097688,0.08055555555555556
5,0.4,Random,1000,0.0003611111111111111,0.0002899286043712666,0,0.0009293711756787936,0.0
5,0.4,Cooperator,1000,0.0005,0.00035337639263945553,0,0.0011926177295733327,0.0
5,0.4,Cheater,1000,0.052638888888888895,0.004110723975285078,0.044581869897330144,0.060695907880447646,0.0638888888888889
5,0.4,Copycat,1000,0.07863888888888879,0.006630539636927295,0.06564303120051129,0.09163474657726628,0.024074074074074078
5,0.4,Copykitten,1000,0.5090555555555556,0.01435809932154112,0.480913680885335,0.5371974302257762,0.6222222222222222
5,0.4,Copy3kitten,1000,0.11288888888888897,0.006173500798745549,0.1007888273233477,0.12498895045443024,0.10833333333333334
5,0.4,NegtiveCopycat,1000,0.05911111111111116,0.004031959963292028,0.05120846958305879,0.06701375263916354,0.07222222222222222
5,0.4,NegtiveCopykitten,1000,0.06672222222222221,0.005000524880073722,0.05692119345727771,0.07652325098716671,0.07592592592592592
5,0.4,Grudger,1000,0.12008333333333336,0.010197109492340916,0.10009699872834517,0.14006966793832154,0.03333333333333333
5,0.425,Random,1000,5.555555555555555e-05,5.5555555555555436e-05,0,0.0001644444444444442,0.0
5,0.425,Cooperator,1000,0.0,0.0,0,0.0,0.0
5,0.425,Cheater,1000,0.12391666666666663,0.005401209232983169,0.11333029657001963,0.13450303676331365,0.12685185185185185
5,0.425,Copycat,1000,0.06913888888888887,0.006881899358427145,0.05565036614637167,0.08262741163140608,0.06018518518518518
5,0.425,Copykitten,1000,0.3416666666666668,0.014331076808060537,0.31357775612286815,0.3697555772104654,0.3055555555555555
5,0.425,Copy3kitten,1000,0.05086111111111113,0.0045327227654314815,0.041976974490865425,0.05974524773135683,0.05092592592592592
5,0.425,NegtiveCopycat,1000,0.131,0.005505933431969432,0.12020837047333992,0.14179162952666008,0.1861111111111111
5,0.425,NegtiveCopykitten,1000,0.14955555555555552,0.006305988732066549,0.1371958176407051,0.16191529347040595,0.15925925925925927
5,0.425,Grudger,1000,0.1338055555555556,0.010565572191287509,0.11309703406063208,0.15451407705047912,0.11111111111111112
5,0.45,Random,1000,0.0,0.0,0,0.0,0.0
5,0.45,Cooperator,1000,0.0,0.0,0,0.0,0.0
5,0.45,Cheater,1000,0.18175000000000002,0.005732241480318573,0.1705148066985756,0.19298519330142444,0.20925925925925926
5,0.45,Copycat,1000,0.07258333333333335,0.007560318571631733,0.05776510893293515,0.08740155773373154,0.0018518518518518517
5,0.45,Copykitten,1000,0.22955555555555554,0.01300021768975314,0.20407512888363938,0.2550359822274717,0.16574074074074074
5,0.45,Copy3kitten,1000,0.022583333333333334,0.003162398682316929,0.01638503191599215,0.028781634750674516,0.0
5,0.45,NegtiveCopycat,1000,0.18527777777777787,0.005740787830648478,0.17402583362970686,0.1965297219258489,0.20185185185185184
5,0.45,NegtiveCopykitten,1000,0.21108333333333343,0.0063619391536296425,0.19861393259221932,0.22355273407444753,0.22222222222222224
5,0.45,Grudger,1000,0.09716666666666668,0.009129385975018974,0.07927307015562948,0.11506026317770388,0.19907407407407407
5,0.475,Random,1000,0.0,0.0,0,0.0,0.0
5,0.475,Cooperator,1000,0.0,0.0,0,0.0,0.0
5,0.475,Cheater,1000,0.2549444444444445,0.005118372579376959,0.24491243418886563,0.2649764547000233,0.25462962962962965
5,0.475,Copycat,1000,0.04572222222222222,0.0062574294995997835,0.03345766040300664,0.0579867840414378,0.024074074074074074
5,0.475,Copykitten,1000,0.07944444444444446,0.008478894074768973,0.06282581205789727,0.09606307683099165,0.03333333333333333
5,0.475,Copy3kitten,1000,0.0022222222222222222,0.0008242469816690152,0.0006066981381509524,0.003837746306293492,0.0
5,0.475,NegtiveCopycat,1000,0.27555555555555555,0.0053046151048446915,0.26515850995005996,0.28595260116105115,0.2990740740740741
5,0.475,NegtiveCopykitten,1000,0.2931944444444444,0.005505767266731988,0.2824031406016497,0.3039857482872391,0.2796296296296296
5,0.475,Grudger,1000,0.048916666666666664,0.006539251045992548,0.03609973461652127,0.061733598716812055,0.10925925925925925
5,0.5,Random,1000,0.0,0.0,0,0.0,0.0
5,0.5,Cooperator,1000,0.0,0.0,0,0.0,0.0
5,0.5,Cheater,1000,0.2947777777777775,0.004200448455107396,0.28654489880576706,0.303010656749788,0.3166666666666666
5,0.5,Copycat,1000,0.022666666666666665,0.004651943556241349,0.01354885729643362,0.03178447603689971,0.0
5,0.5,Copykitten,1000,0.02325,0.004714637555803302,0.014009310390625529,0.03249068960937447,0.03333333333333333
5,0.5,Copy3kitten,1000,0.0004166666666666667,0.00032502601025062475,0,0.0010537176467578912,0.0
5,0.5,NegtiveCopycat,1000,0.3178055555555561,0.004455909799166847,0.3090719723491891,0.32653913876192314,0.33055555555555555
5,0.5,NegtiveCopykitten,1000,0.3284166666666665,0.004412113297493946,0.31976892460357836,0.3370644087297547,0.3194444444444444
5,0.5,Grudger,1000,0.012666666666666666,0.003504183784471572,0.005798466449102385,0.019534866884230947,0.0
6,0.0,Random,1000,0.005833333333333332,0.0021641670000231324,0.0015915660132879922,0.01007510065337867,0.0
6,0.0,Cooperator,1000,0.18697222222222193,0.007422752655127418,0.17242362701817218,0.20152081742627168,0.20370370370370372
6,0.0,Cheater,1000,0.0,0.0,0,0.0,0.0
6,0.0,Copycat,1000,0.1538333333333333,0.007320485800263364,0.1394851811648171,0.1681814855018495,0.08981481481481482
6,0.0,Copykitten,1000,0.157,0.0072352841679723745,0.14281884303077413,0.17118115696922587,0.21111111111111114
6,0.0,Copy3kitten,1000,0.27530555555555536,0.008758351107106276,0.2581391873856271,0.29247192372548364,0.26851851851851843
6,0.0,NegtiveCopycat,1000,0.0015555555555555557,0.00044714727039552407,0.0006791469055803285,0.002431964205530783,0.00462962962962963
6,0.0,NegtiveCopykitten,1000,0.03283333333333337,0.003363467669923206,0.026240936700283882,0.03942572996638285,0.03796296296296296
6,0.0,Grudger,1000,0.1866666666666664,0.007777380545014473,0.17142300079843803,0.20191033253489477,0.18425925925925926
6,0.025,Random,1000,0.021805555555555557,0.00424192179752751,0.013491388832401637,0.030119722278709477,0.0
6,0.025,Cooperator,1000,0.15513888888888888,0.00693672549542438,0.1415429069178571,0.16873487085992067,0.14907407407407408
6,0.025,Cheater,1000,0.0,0.0,0,0.0,0.0
6,0.025,Copycat,1000,0.12125000000000012,0.004621261623311329,0.11219232721830992,0.13030767278169034,0.13888888888888892
6,0.025,Copykitten,1000,0.28497222222222235,0.009711269351905836,0.2659381342924869,0.3040063101519578,0.2833333333333333
6,0.025,Copy3kitten,1000,0.30783333333333335,0.009115893603089573,0.28996618187127776,0.32570048479538893,0.36666666666666664
6,0.025,NegtiveCopycat,1000,0.008333333333333335,0.0010698893315199604,0.006236350243554213,0.010430316423112457,0.005555555555555555
6,0.025,NegtiveCopykitten,1000,0.05016666666666675,0.004146119954976171,0.04204027155491345,0.058293061778420044,0.023148148148148147
6,0.025,Grudger,1000,0.05050000000000004,0.0046979342287984975,0.04129204891155498,0.059707951088445094,0.03333333333333333
6,0.05,Random,1000,0.04052777777777781,0.005719978101062737,0.029316620699694845,0.05173893485586077,0.058333333333333334
6,0.05,Cooperator,1000,0.1501944444444444,0.006949328223758544,0.13657376112587766,0.16381512776301116,0.13425925925925924
6,0.05,Cheater,1000,0.0,0.0,0,0.0,0.0
6,0.05,Copycat,1000,0.13952777777777775,0.0042258404283753515,0.13124513053816206,0.14781042501739344,0.12499999999999999
6,0.05,Copykitten,1000,0.29413888888888867,0.009570272088857707,0.2753811555947276,0.31289662218304976,0.29166666666666674
6,0.05,Copy3kitten,1000,0.2873611111111111,0.008842382956390138,0.27003004051658647,0.3046921817056358,0.29907407407407405
6,0.05,NegtiveCopycat,1000,0.01602777777777778,0.0015140907210111868,0.013060159964595853,0.018995395590959707,0.016666666666666666
6,0.05,NegtiveCopykitten,1000,0.048416666666666684,0.004533277554853611,0.03953144265915361,0.05730189067417976,0.07037037037037037
6,0.05,Grudger,1000,0.02380555555555556,0.003376494448087838,0.017187626437303396,0.030423484673807722,0.00462962962962963
6,0.075,Random,1000,0.06027777777777783,0.006787607217215176,0.046974067632036084,0.07358148792351958,0.025925925925925925
6,0.075,Cooperator,1000,0.1389722222222221,0.006652435351042779,0.12593344893417827,0.15201099551026595,0.13796296296296295
6,0.075,Cheater,1000,0.0,0.0,0,0.0,0.0
6,0.075,Copycat,1000,0.1516944444444444,0.0047902145317510175,0.1423056239622124,0.1610832649266764,0.14259259259259258
6,0.075,Copykitten,1000,0.2818888888888887,0.009516046205346814,0.26323743832640895,0.30054033945136843,0.3407407407407408
6,0.075,Copy3kitten,1000,0.2771111111111106,0.008943283270084984,0.25958227590174404,0.29463994632047713,0.2648148148148148
6,0.075,NegtiveCopycat,1000,0.03308333333333332,0.002148517559103449,0.028872238917490557,0.03729442774917608,0.028703703703703707
6,0.075,NegtiveCopykitten,1000,0.04738888888888885,0.004587189861925053,0.038397996759515746,0.05637978101826195,0.058333333333333334
6,0.075,Grudger,1000,0.00958333333333333,0.002415794628511264,0.0048483758614512535,0.014318290805215409,0.0009259259259259259
6,0.1,Random,1000,0.05455555555555561,0.0063749469480589675,0.04206065953736003,0.06705045157375118,0.054629629629629625
6,0.1,Cooperator,1000,0.13447222222222216,0.006482179701655041,0.12176715000697828,0.14717729443746605,0.16944444444444443
6,0.1,Cheater,1000,0.0,0.0,0,0.0,0.0
6,0.1,Copycat,1000,0.16222222222222207,0.004476996793656855,0.15344730850665464,0.1709971359377895,0.18055555555555555
6,0.1,Copykitten,1000,0.28477777777777785,0.009548797055347695,0.26606213554929636,0.30349342000625934,0.27314814814814814
6,0.1,Copy3kitten,1000,0.2789166666666663,0.008553125968568706,0.26215253976827163,0.295680793565061,0.25740740740740736
6,0.1,NegtiveCopycat,1000,0.03663888888888884,0.0023280799431406657,0.032075852200333134,0.041201925577444544,0.03240740740740741
6,0.1,NegtiveCopykitten,1000,0.042916666666666645,0.004535749427442733,0.034026597788878885,0.051806735544454405,0.032407407407407406
6,0.1,Grudger,1000,0.0055,0.0020821134232837887,0.0014190576903637736,0.009580942309636225,0.0
6,0.125,Random,1000,0.0539166666666667,0.006200317491269969,0.041764044383777565,0.06606928894955584,0.052777777777777785
6,0.125,Cooperator,1000,0.11833333333333332,0.005975688831017964,0.10662098322453811,0.13004568344212852,0.12314814814814816
6,0.125,Cheater,1000,0.0,0.0,0,0.0,0.0
6,0.125,Copycat,1000,0.1658333333333334,0.0045975784097072574,0.15682207965030717,0.1748445870163596,0.1638888888888889
6,0.125,Copykitten,1000,0.2817222222222218,0.009525527326927467,0.263052188661444,0.30039225578299966,0.29166666666666663
6,0.125,Copy3kitten,1000,0.2906944444444445,0.008595888674869686,0.2738465026416999,0.30754238624718905,0.3231481481481481
6,0.125,NegtiveCopycat,1000,0.04877777777777765,0.0027014402197239455,0.043482954947118714,0.054072600608436584,0.0287037037037037
6,0.125,NegtiveCopykitten,1000,0.03488888888888891,0.004579682522897081,0.025912711144010628,0.043865066633767186,0.016666666666666666
6,0.125,Grudger,1000,0.005833333333333333,0.0023364686235510775,0.001253854831173221,0.010412811835493445,0.0
6,0.15,Random,1000,0.05583333333333334,0.006220240510566552,0.043641661932622894,0.06802500473404378,0.12962962962962965
6,0.15,Cooperator,1000,0.12958333333333327,0.0063210503184000285,0.11719407470926922,0.14197259195739734,0.08703703703703704
6,0.15,Cheater,1000,0.0003333333333333333,0.0003333333333333422,0,0.000986666666666684,0.0
6,0.15,Copycat,1000,0.17155555555555538,0.004913630129038564,0.1619248405026398,0.18118627060847095,0.1648148148148148
6,0.15,Copykitten,1000,0.2785833333333331,0.009774699049114497,0.2594249231970687,0.29774174346959753,0.2574074074074074
6,0.15,Copy3kitten,1000,0.2858055555555553,0.008455499759686744,0.2692327760265693,0.3023783350845413,0.23611111111111113
6,0.15,NegtiveCopycat,1000,0.05141666666666662,0.002876512286440838,0.045778702585242574,0.05705463074809066,0.06574074074074074
6,0.15,NegtiveCopykitten,1000,0.02291666666666666,0.0037678355460377773,0.015531708996432619,0.030301624336900704,0.030555555555555555
6,0.15,Grudger,1000,0.0039722222222222225,0.001934378788294883,0.00018083979716425206,0.007763604647280193,0.028703703703703707
6,0.175,Random,1000,0.05477777777777778,0.006074831898492416,0.04287110725673264,0.06668444829882292,0.025
6,0.175,Cooperator,1000,0.11605555555555555,0.006019854065004507,0.10425664158814672,0.1278544695229644,0.12037037037037038
6,0.175,Cheater,1000,0.0,0.0,0,0.0,0.0
6,0.175,Copycat,1000,0.17688888888888904,0.005319516916336124,0.16646263573287023,0.18731514204490785,0.17777777777777776
6,0.175,Copykitten,1000,0.29666666666666647,0.010344613253720424,0.27639122468937444,0.3169421086439585,0.30833333333333335
6,0.175,Copy3kitten,1000,0.2894999999999999,0.008455062976808238,0.27292807656545576,0.3060719234345441,0.2685185185185185
6,0.175,NegtiveCopycat,1000,0.05194444444444444,0.0030751085692159543,0.04591723164878117,0.05797165724010771,0.052777777777777785
6,0.175,NegtiveCopykitten,1000,0.012166666666666666,0.0029485588946315056,0.006387491233188915,0.017945842100144417,0.047222222222222214
6,0.175,Grudger,1000,0.002,0.0014135055705578152,0,0.004770470918293318,0.0
6,0.2,Random,1000,0.06236111111111107,0.006263739393561148,0.05008418189973122,0.07463804032249091,0.02222222222222222
6,0.2,Cooperator,1000,0.1115555555555555,0.005929844175088344,0.09993306097238235,0.12317805013872866,0.11388888888888889
6,0.2,Cheater,1000,0.0,0.0,0,0.0,0.0
6,0.2,Copycat,1000,0.1713055555555555,0.005534181369350037,0.16045856007162942,0.18215255103948155,0.20000000000000004
6,0.2,Copykitten,1000,0.30088888888888854,0.010516415266229288,0.2802767149670791,0.32150106281069796,0.34722222222222227
6,0.2,Copy3kitten,1000,0.2833333333333334,0.008312545904057425,0.26704074336138084,0.2996259233052859,0.2351851851851852
6,0.2,NegtiveCopycat,1000,0.05733333333333339,0.0033393875986811785,0.05078813363991828,0.0638785330267485,0.04814814814814814
6,0.2,NegtiveCopykitten,1000,0.008972222222222222,0.0025662827704435215,0.00394230799215292,0.014002136452291524,0.0
6,0.2,Grudger,1000,0.00425,0.0019409638438446673,0.00044571086606445256,0.008054289133935548,0.03333333333333333
6,0.225,Random,1000,0.04424999999999998,0.0051552887558776,0.03414563403847988,0.054354365961520074,0.06759259259259259
6,0.225,Cooperator,1000,0.0963611111111111,0.005503947748422069,0.08557337352420386,0.10714884869801836,0.07314814814814816
6,0.225,Cheater,1000,0.0,0.0,0,0.0,0.0
6,0.225,Copycat,1000,0.1643888888888889,0.005398405474819348,0.15380801415824297,0.1749697636195348,0.1611111111111111
6,0.225,Copykitten,1000,0.3209722222222219,0.01103420494794044,0.2993451805242586,0.34259926392018514,0.2555555555555556
6,0.225,Copy3kitten,1000,0.3166944444444441,0.008528567890716661,0.29997845137863943,0.3334104375102488,0.3824074074074074
6,0.225,NegtiveCopycat,1000,0.05211111111111114,0.00333067034842959,0.04558299722818915,0.05863922499403314,0.06018518518518518
6,0.225,NegtiveCopykitten,1000,0.0032222222222222222,0.0016110890582561744,6.448766804012041e-05,0.006379956776404324,0.0
6,0.225,Grudger,1000,0.002,0.0014135055705578148,0,0.004770470918293317,0.0
6,0.25,Random,1000,0.042805555555555555,0.0049965013742390525,0.03301241286204701,0.0525986982490641,0.04444444444444444
6,0.25,Cooperator,1000,0.09255555555555553,0.005312048553537851,0.08214394039062134,0.10296717072048972,0.13796296296296295
6,0.25,Cheater,1000,0.0,0.0,0,0.0,0.0
6,0.25,Copycat,1000,0.14588888888888882,0.005258174729685942,0.13558286641870437,0.15619491135907326,0.10833333333333335
6,0.25,Copykitten,1000,0.3481111111111108,0.011184172537339264,0.32619013293792587,0.37003208928429576,0.38333333333333336
6,0.25,Copy3kitten,1000,0.308916666666667,0.008322034706902945,0.29260547864113723,0.3252278546921968,0.24537037037037038
6,0.25,NegtiveCopycat,1000,0.057555555555555596,0.003529960497646097,0.050636832980169244,0.06447427813094195,0.08055555555555556
6,0.25,NegtiveCopykitten,1000,0.0031111111111111105,0.0015482373895249423,7.656582764222365e-05,0.006145656394579997,0.0
6,0.25,Grudger,1000,0.0010555555555555557,0.0010014864938778002,0,0.003018469083556044,0.0
6,0.275,Random,1000,0.02794444444444444,0.003895790862675365,0.020308694353600724,0.03558019453528816,0.013888888888888888
6,0.275,Cooperator,1000,0.06425000000000006,0.004525098778726161,0.05538080639369678,0.07311919360630333,0.059259259259259255
6,0.275,Cheater,1000,0.0,0.0,0,0.0,0.0
6,0.275,Copycat,1000,0.12994444444444436,0.005686663127022395,0.11879858471548047,0.14109030417340826,0.19351851851851848
6,0.275,Copykitten,1000,0.41530555555555504,0.01148185143553497,0.3928011267419065,0.4378099843692036,0.3185185185185185
6,0.275,Copy3kitten,1000,0.31497222222222215,0.008261848092618892,0.29877899996068913,0.3311654444837552,0.39444444444444454
6,0.275,NegtiveCopycat,1000,0.044222222222222225,0.0032283279129386795,0.037894699512862416,0.050549744931582034,0.020370370370370372
6,0.275,NegtiveCopykitten,1000,0.003361111111111111,0.0017083087489516344,1.282596316590787e-05,0.006709396259056314,0.0
6,0.275,Grudger,1000,0.0,0.0,0,0.0,0.0
6,0.3,Random,1000,0.02961111111111111,0.0039919185624046295,0.021786950728798035,0.03743527149342418,0.0027777777777777775
6,0.3,Cooperator,1000,0.05997222222222225,0.004229060425403169,0.05168326378843204,0.06826118065601247,0.049074074074074076
6,0.3,Cheater,1000,0.0,0.0,0,0.0,0.0
6,0.3,Copycat,1000,0.11691666666666647,0.005390390396199392,0.10635150149011567,0.1274818318432173,0.08888888888888888
6,0.3,Copykitten,1000,0.40333333333333293,0.011247206221810973,0.38128880913858343,0.42537785752808244,0.5537037037037037
6,0.3,Copy3kitten,1000,0.34316666666666695,0.008261969858842236,0.32697320574333616,0.35936012758999775,0.2962962962962962
6,0.3,NegtiveCopycat,1000,0.04500000000000002,0.0033756993295089343,0.03838362931416251,0.05161637068583753,0.00925925925925926
6,0.3,NegtiveCopykitten,1000,0.0,0.0,0,0.0,0.0
6,0.3,Grudger,1000,0.002,0.001413505570557811,0,0.00477047091829331,0.0
6,0.325,Random,1000,0.019638888888888897,0.003040509943946544,0.01367948939875367,0.02559828837902412,0.0027777777777777775
6,0.325,Cooperator,1000,0.041888888888888906,0.0034709497167750417,0.03508582744400982,0.04869195033376799,0.05555555555555555
6,0.325,Cheater,1000,0.0,0.0,0,0.0,0.0
6,0.325,Copycat,1000,0.08588888888888901,0.004726835368640635,0.07662429156635336,0.09515348621142466,0.0638888888888889
6,0.325,Copykitten,1000,0.45138888888888956,0.010781720146455143,0.43025671740183746,0.47252106037594166,0.5675925925925926
6,0.325,Copy3kitten,1000,0.3629166666666664,0.008243536836359255,0.34675933446740226,0.3790739988659305,0.2907407407407407
6,0.325,NegtiveCopycat,1000,0.03627777777777777,0.0030815398526016055,0.030237959666678624,0.042317595888876916,0.019444444444444445
6,0.325,NegtiveCopykitten,1000,0.0,0.0,0,0.0,0.0
6,0.325,Grudger,1000,0.002,0.0014135055705578057,0,0.0047704709182933,0.0
6,0.35,Random,1000,0.013777777777777785,0.0024478747631952705,0.008979943241915055,0.018575612313640515,0.019444444444444445
6,0.35,Cooperator,1000,0.029888888888888885,0.002943848925031128,0.024118944995827875,0.035658832781949895,0.017592592592592594
6,0.35,Cheater,1000,0.0005833333333333333,0.0004655076876742561,0,0.0014957284011748752,0.0
6,0.35,Copycat,1000,0.06949999999999999,0.004321583089724069,0.06102969714414082,0.07797030285585917,0.08888888888888889
6,0.35,Copykitten,1000,0.46827777777777785,0.010318905467973366,0.44805272306055005,0.48850283249500565,0.4703703703703704
6,0.35,Copy3kitten,1000,0.38438888888888895,0.008008718285776241,0.36869180104876753,0.40008597672901036,0.38055555555555554
6,0.35,NegtiveCopycat,1000,0.03152777777777778,0.0030313032079692603,0.02558642349015803,0.03746913206539753,0.023148148148148147
6,0.35,NegtiveCopykitten,1000,0.0010555555555555557,0.0007714661203122392,0,0.0025676291513675445,0.0
6,0.35,Grudger,1000,0.001,0.001000000000000014,0,0.0029600000000000273,0.0
6,0.375,Random,1000,0.009916666666666669,0.0019092601007083638,0.006174516869278276,0.013658816464055062,0.02037037037037037
6,0.375,Cooperator,1000,0.013055555555555558,0.001909168874140651,0.009313584562239883,0.016797526548871233,0.010185185185185186
6,0.375,Cheater,1000,0.0006666666666666666,0.0003983275507383104,0,0.001447388666113755,0.005555555555555555
6,0.375,Copycat,1000,0.0426944444444445,0.0035872403666006108,0.035663453325907306,0.049725435562981694,0.04351851851851851
6,0.375,Copykitten,1000,0.4847222222222219,0.010084875506084962,0.4649558662302954,0.5044885782141484,0.55
6,0.375,Copy3kitten,1000,0.4156666666666666,0.008474625423355876,0.39905640083688904,0.4322769324964441,0.312037037037037
6,0.375,NegtiveCopycat,1000,0.026,0.0027453203268976894,0.020619172159280528,0.031380827840719466,0.04259259259259259
6,0.375,NegtiveCopykitten,1000,0.0012777777777777776,0.0007415140274664086,0,0.0027311452716119386,0.01574074074074074
6,0.375,Grudger,1000,0.006,0.0024433521993298167,0.0012110296893135591,0.01078897031068644,0.0
6,0.4,Random,1000,0.009333333333333332,0.002274355119529111,0.004875597299056275,0.01379106936761039,0.01388888888888889
6,0.4,Cooperator,1000,0.006111111111111112,0.0012661541597423262,0.003629448958016153,0.008592773264206072,0.006481481481481481
6,0.4,Cheater,1000,0.0040277777777777786,0.0013281906788440636,0.001424524047243414,0.006631031508312143,0.0
6,0.4,Copycat,1000,0.03505555555555556,0.003589470847859672,0.028020192693750605,0.04209091841736052,0.04537037037037037
6,0.4,Copykitten,1000,0.47972222222222194,0.010332118038281561,0.4594712708671901,0.4999731735772538,0.37499999999999994
6,0.4,Copy3kitten,1000,0.4283888888888894,0.009023864512947437,0.4107021144435124,0.44607566333426635,0.49166666666666675
6,0.4,NegtiveCopycat,1000,0.020972222222222225,0.002349831083227017,0.016366553299097274,0.025577891145347177,0.03425925925925926
6,0.4,NegtiveCopykitten,1000,0.003805555555555556,0.001273038109116067,0.0013104008616880644,0.0063007102494230475,0.0
6,0.4,Grudger,1000,0.012583333333333332,0.0034640283699911715,0.005793837728150636,0.019372828938516027,0.03333333333333333
6,0.425,Random,1000,0.006777777777777779,0.0016386402692645829,0.0035660428500191967,0.009989512705536361,0.0
6,0.425,Cooperator,1000,0.004083333333333334,0.0009925135147211242,0.0021380068444799304,0.0060286598221867375,0.01111111111111111
6,0.425,Cheater,1000,0.015805555555555552,0.0022329084554217216,0.011429054982928979,0.020182056128182125,0.014814814814814814
6,0.425,Copycat,1000,0.027055555555555576,0.0036160511370590177,0.0199680953269199,0.03414301578419125,0.03518518518518519
6,0.425,Copykitten,1000,0.4972222222222225,0.011655088502520335,0.47437824875728263,0.5200661956871624,0.4601851851851851
6,0.425,Copy3kitten,1000,0.35747222222222214,0.01014102413285052,0.3375958149218351,0.37734862952260917,0.3833333333333334
6,0.425,NegtiveCopycat,1000,0.03630555555555557,0.003504700290728384,0.029436342985727938,0.043174768125383206,0.044444444444444446
6,0.425,NegtiveCopykitten,1000,0.022888888888888893,0.0031108092072718832,0.016791702842636,0.028986074935141784,0.017592592592592594
6,0.425,Grudger,1000,0.032388888888888884,0.005493792762692636,0.021621055074011318,0.04315672270376645,0.03333333333333333
6,0.45,Random,1000,0.004,0.0016011633951740262,0.000861719745458909,0.007138280254541092,0.0
6,0.45,Cooperator,1000,0.0007777777777777778,0.00039812583839226196,0,0.0015581044210266114,0.0
6,0.45,Cheater,1000,0.04019444444444445,0.0034844148070777366,0.033364991422572085,0.047023897466316814,0.058333333333333334
6,0.45,Copycat,1000,0.046277777777777786,0.005883862589726035,0.03474540710191476,0.05781014845364081,0.07685185185185185
6,0.45,Copykitten,1000,0.46286111111111133,0.012761175249000842,0.43784920762306967,0.487873014599153,0.3490740740740741
6,0.45,Copy3kitten,1000,0.29527777777777775,0.010550121091961672,0.2745995404375329,0.3159560151180226,0.2972222222222222
6,0.45,NegtiveCopycat,1000,0.056888888888888885,0.004194213983228553,0.04866822948176092,0.06510954829601685,0.12314814814814815
6,0.45,NegtiveCopykitten,1000,0.05169444444444445,0.004312250957094089,0.04324243256854004,0.060146456320348866,0.09537037037037036
6,0.45,Grudger,1000,0.04202777777777779,0.00619522744008582,0.029885131995209584,0.054170423560345994,0.0
6,0.475,Random,1000,0.0016111111111111111,0.0010758775258933374,0,0.0037198310618620526,0.0
6,0.475,Cooperator,1000,0.00025,0.00018626437297256275,0,0.0006150781710262229,0.0
6,0.475,Cheater,1000,0.10713888888888883,0.00513285649658938,0.09707849015557364,0.11719928762220401,0.06018518518518518
6,0.475,Copycat,1000,0.07052777777777776,0.007645615081012329,0.055542372218993594,0.08551318333656192,0.10555555555555556
6,0.475,Copykitten,1000,0.3382499999999998,0.013261193285849146,0.3122580611597354,0.3642419388402641,0.4444444444444445
6,0.475,Copy3kitten,1000,0.16916666666666663,0.009338991874842523,0.15086224259197528,0.18747109074135798,0.18055555555555555
6,0.475,NegtiveCopycat,1000,0.12238888888888896,0.005507603924115785,0.11159398519762202,0.1331837925801559,0.0824074074074074
6,0.475,NegtiveCopykitten,1000,0.13308333333333333,0.0062026714289149295,0.12092609733266008,0.1452405693340066,0.09814814814814815
6,0.475,Grudger,1000,0.057583333333333334,0.007111719712358213,0.043644362697111236,0.07152230396955543,0.028703703703703707
6,0.5,Random,1000,0.0003888888888888888,0.0002691692436206982,0,0.0009164606063854573,0.0
6,0.5,Cooperator,1000,0.0,0.0,0,0.0,0.0
6,0.5,Cheater,1000,0.16847222222222216,0.00525731380587005,0.15816788716271687,0.17877655728172745,0.16296296296296295
6,0.5,Copycat,1000,0.04,0.005826079510418749,0.028580884159579253,0.05141911584042075,0.03333333333333333
6,0.5,Copykitten,1000,0.23425000000000007,0.012575035571994232,0.20960293027889138,0.25889706972110876,0.22685185185185183
6,0.5,Copy3kitten,1000,0.08750000000000001,0.007399452476952998,0.07299707314517213,0.10200292685482788,0.10648148148148148
6,0.5,NegtiveCopycat,1000,0.2205833333333333,0.0063538799777973385,0.20812972857685053,0.23303693808981607,0.1990740740740741
6,0.5,NegtiveCopykitten,1000,0.21183333333333335,0.006264426743536965,0.1995550569160009,0.2241116097506658,0.2046296296296296
6,0.5,Grudger,1000,0.03697222222222222,0.005708294043435198,0.025783965897089228,0.04816047854735521,0.06666666666666667
7,0.0,Random,1000,0.008194444444444447,0.0026356673285827226,0.0030285364804223105,0.013360352408466582,0.0
7,0.0,Cooperator,1000,0.19516666666666654,0.007628565991925804,0.18021467732249197,0.21011865601084112,0.22222222222222224
7,0.0,Cheater,1000,0.0,0.0,0,0.0,0.0
7,0.0,Copycat,1000,0.143972222222222,0.006965767009261172,0.1303193188840701,0.1576251255603739,0.08518518518518517
7,0.0,Copykitten,1000,0.17588888888888876,0.007591746984495585,0.1610090647992774,0.19076871297850012,0.23425925925925925
7,0.0,Copy3kitten,1000,0.28086111111111084,0.008591300569549414,0.264022161994794,0.2977000602274277,0.22685185185185183
7,0.0,NegtiveCopycat,1000,0.001305555555555556,0.00037983303062773374,0.0005610828155251978,0.002050028295585914,0.0
7,0.0,NegtiveCopykitten,1000,0.01261111111111111,0.0021117805341539933,0.008472021264169283,0.016750200958052935,0.040740740740740744
7,0.0,Grudger,1000,0.18199999999999986,0.007626438068938093,0.1670521813848812,0.1969478186151185,0.1907407407407407
7,0.025,Random,1000,0.023083333333333327,0.004238794662263178,0.014775295795297499,0.03139137087136916,0.0
7,0.025,Cooperator,1000,0.15152777777777765,0.006657018968704967,0.1384800205991159,0.1645755349564394,0.15185185185185185
7,0.025,Cheater,1000,0.0,0.0,0,0.0,0.0
7,0.025,Copycat,1000,0.1176944444444445,0.0039327757643765025,0.10998620394626656,0.12540268494262244,0.0935185185185185
7,0.025,Copykitten,1000,0.30016666666666675,0.009743524337395951,0.28106935896537066,0.31926397436796283,0.2787037037037037
7,0.025,Copy3kitten,1000,0.3566111111111113,0.009585339195507105,0.3378238462879174,0.37539837593430525,0.39351851851851855
7,0.025,NegtiveCopycat,1000,0.007333333333333331,0.0009564149436093071,0.005458760043859089,0.009207906622807573,0.010185185185185186
7,0.025,NegtiveCopykitten,1000,0.025416666666666685,0.0033880522250049525,0.018776084305656977,0.03205724902767639,0.040740740740740744
7,0.025,Grudger,1000,0.018166666666666668,0.0030100174861610604,0.01226703239379099,0.024066300939542346,0.03148148148148148
7,0.05,Random,1000,0.04200000000000001,0.005829754318848667,0.030573681535056622,0.0534263184649434,0.02777777777777778
7,0.05,Cooperator,1000,0.1395833333333333,0.006861808129034851,0.126134189400425,0.1530324772662416,0.1287037037037037
7,0.05,Cheater,1000,0.0,0.0,0,0.0,0.0
7,0.05,Copycat,1000,0.14136111111111133,0.004239946112641038,0.1330508167303349,0.14967140549188776,0.12685185185185185
7,0.05,Copykitten,1000,0.31500000000000006,0.009595351712062555,0.29619311064435744,0.3338068893556427,0.3453703703703704
7,0.05,Copy3kitten,1000,0.3178055555555554,0.009332729825081406,0.29951340509839586,0.33609770601271494,0.3222222222222222
7,0.05,NegtiveCopycat,1000,0.015833333333333338,0.0014288003649315477,0.013032884618067505,0.01863378204859917,0.012962962962962963
7,0.05,NegtiveCopykitten,1000,0.02358333333333334,0.0031677878380968654,0.017374469170663487,0.029792197496003196,0.021296296296296296
7,0.05,Grudger,1000,0.004833333333333332,0.0016665100211857235,0.001566973691809314,0.00809969297485735,0.014814814814814814
7,0.075,Random,1000,0.07405555555555561,0.0075302852493565895,0.05929619646681669,0.08881491464429453,0.0
7,0.075,Cooperator,1000,0.12974999999999995,0.0067180456636415815,0.11658263049926244,0.14291736950073744,0.09907407407407408
7,0.075,Cheater,1000,0.0,0.0,0,0.0,0.0
7,0.075,Copycat,1000,0.14008333333333353,0.004679837113880093,0.13091085259012855,0.1492558140765385,0.13518518518518519
7,0.075,Copykitten,1000,0.28788888888888875,0.009495627663430184,0.26927745866856556,0.30650031910921194,0.3481481481481481
7,0.075,Copy3kitten,1000,0.2992222222222218,0.009099557686956344,0.28138708915578736,0.3170573552886562,0.32962962962962966
7,0.075,NegtiveCopycat,1000,0.035499999999999976,0.0020716856391741548,0.03143949614721863,0.03956050385278132,0.01851851851851852
7,0.075,NegtiveCopykitten,1000,0.031249999999999997,0.004156261337380135,0.023103727778734935,0.03939627222126506,0.06944444444444445
7,0.075,Grudger,1000,0.00225,0.0014242899649908223,0,0.005041608331382012,0.0
7,0.1,Random,1000,0.07177777777777783,0.007307622867201946,0.057454836958062014,0.08610071859749364,0.0787037037037037
7,0.1,Cooperator,1000,0.11872222222222217,0.006401680192501399,0.10617492904491943,0.13126951539952492,0.14351851851851852
7,0.1,Cheater,1000,0.0,0.0,0,0.0,0.0
7,0.1,Copycat,1000,0.14161111111111122,0.005036692011088474,0.13173919476937782,0.15148302745284462,0.16851851851851854
7,0.1,Copykitten,1000,0.3038333333333332,0.009912717214763233,0.28440440759239727,0.3232622590742691,0.26018518518518513
7,0.1,Copy3kitten,1000,0.2963888888888886,0.009249289761353809,0.27826028095663513,0.31451749682114205,0.2953703703703704
7,0.1,NegtiveCopycat,1000,0.042972222222222155,0.0023155305867008716,0.03843378227228845,0.04751066217215586,0.03796296296296296
7,0.1,NegtiveCopykitten,1000,0.024666666666666663,0.0035376802920155078,0.01773281329431627,0.03160052003901706,0.01574074074074074
7,0.1,Grudger,1000,2.7777777777777776e-05,2.7777777777777606e-05,0,8.222222222222188e-05,0.0
7,0.125,Random,1000,0.08283333333333334,0.007633644522869904,0.06787139006850833,0.09779527659815836,0.10740740740740741
7,0.125,Cooperator,1000,0.11202777777777771,0.006075511762010747,0.10011977472423665,0.12393578083131877,0.11018518518518519
7,0.125,Cheater,1000,0.0,0.0,0,0.0,0.0
7,0.125,Copycat,1000,0.14224999999999993,0.005201155677787576,0.1320557348715363,0.15244426512846357,0.14074074074074075
7,0.125,Copykitten,1000,0.29497222222222236,0.010178427665489135,0.27502250399786365,0.31492194044658106,0.2518518518518518
7,0.125,Copy3kitten,1000,0.303361111111111,0.009193239736924284,0.28534236122673945,0.3213798609954826,0.30648148148148147
7,0.125,NegtiveCopycat,1000,0.05005555555555546,0.002602167243045801,0.044955307759185686,0.05515580335192523,0.05092592592592592
7,0.125,NegtiveCopykitten,1000,0.013499999999999998,0.002801561510130224,0.00800893944014476,0.018991060559855236,0.032407407407407406
7,0.125,Grudger,1000,0.001,0.001000000000000006,0,0.002960000000000012,0.0
7,0.15,Random,1000,0.08005555555555556,0.007461952786057939,0.065430128094882,0.09468098301622913,0.028703703703703707
7,0.15,Cooperator,1000,0.10891666666666665,0.0060151333489582084,0.09712700530270856,0.12070632803062474,0.14444444444444446
7,0.15,Cheater,1000,0.0,0.0,0,0.0,0.0
7,0.15,Copycat,1000,0.14336111111111097,0.005155268380001913,0.13325678508630723,0.1534654371359147,0.13981481481481478
7,0.15,Copykitten,1000,0.31247222222222204,0.010621184870611634,0.29165469987582326,0.3332897445686208,0.34166666666666673
7,0.15,Copy3kitten,1000,0.29766666666666647,0.009028546419713547,0.2799707156840279,0.315362617649305,0.2787037037037037
7,0.15,NegtiveCopycat,1000,0.0473333333333332,0.002641581583427598,0.042155833429815104,0.052510833236851295,0.024074074074074074
7,0.15,NegtiveCopykitten,1000,0.009027777777777777,0.0023867493257460066,0.004349749099315604,0.01370580645623995,0.04259259259259259
7,0.15,Grudger,1000,0.0011666666666666668,0.0010136291781403359,0,0.0031533798558217247,0.0
7,0.175,Random,1000,0.08416666666666667,0.007392121155905085,0.0696781092010927,0.09865522413224063,0.05
7,0.175,Cooperator,1000,0.11058333333333335,0.00594265337811171,0.0989357327122344,0.12223093395443231,0.13333333333333333
7,0.175,Cheater,1000,0.0,0.0,0,0.0,0.0
7,0.175,Copycat,1000,0.1318333333333332,0.005306935828599851,0.12143173910927749,0.1422349275573889,0.12314814814814816
7,0.175,Copykitten,1000,0.30036111111111125,0.010860183460167311,0.27907515152918333,0.32164707069303916,0.24629629629629626
7,0.175,Copy3kitten,1000,0.3067500000000003,0.008850030413286398,0.289403940389959,0.3240960596100416,0.3824074074074073
7,0.175,NegtiveCopycat,1000,0.05947222222222215,0.0030733522585633206,0.05344845179543804,0.06549599264900625,0.06481481481481483
7,0.175,NegtiveCopykitten,1000,0.005833333333333332,0.002111051840482963,0.0016956717259867249,0.009970994940679939,0.0
7,0.175,Grudger,1000,0.001,0.0010000000000000046,0,0.002960000000000009,0.0
7,0.2,Random,1000,0.08422222222222227,0.007236355873491147,0.07003896471017962,0.09840547973426492,0.02222222222222222
7,0.2,Cooperator,1000,0.10527777777777773,0.006117446236551588,0.09328758315413663,0.11726797240141884,0.075
7,0.2,Cheater,1000,0.0,0.0,0,0.0,0.0
7,0.2,Copycat,1000,0.13502777777777772,0.005773293924938492,0.12371212168489827,0.14634343387065715,0.13240740740740742
7,0.2,Copykitten,1000,0.30486111111111075,0.010987676873948155,0.28332526443817235,0.32639695778404915,0.362962962962963
7,0.2,Copy3kitten,1000,0.3083333333333333,0.00899514884959014,0.29070284158813664,0.32596382507852995,0.34444444444444444
7,0.2,NegtiveCopycat,1000,0.05683333333333334,0.0032455496043366275,0.05047205610883355,0.06319461055783313,0.02962962962962963
7,0.2,NegtiveCopykitten,1000,0.0044444444444444444,0.0018254710872455456,0.0008665211134431753,0.008022367775445714,0.0
7,0.2,Grudger,1000,0.001,0.001000000000000014,0,0.0029600000000000273,0.03333333333333333
7,0.225,Random,1000,0.0694444444444444,0.006461789046436199,0.056779337913429456,0.08210955097545936,0.09537037037037038
7,0.225,Cooperator,1000,0.09936111111111112,0.0058554149193463965,0.08788449786919218,0.11083772435303006,0.0574074074074074
7,0.225,Cheater,1000,0.0,0.0,0,0.0,0.0
7,0.225,Copycat,1000,0.11886111111111106,0.005595670362394662,0.10789359720081752,0.1298286250214046,0.10648148148148148
7,0.225,Copykitten,1000,0.3361388888888889,0.011192243516205217,0.31420209159712664,0.3580756861806511,0.3722222222222223
7,0.225,Copy3kitten,1000,0.31741666666666657,0.00874430002910744,0.300277838609616,0.33455549472371715,0.29629629629629634
7,0.225,NegtiveCopycat,1000,0.05625000000000004,0.0033285537184002136,0.049726034711935624,0.06277396528806446,0.03888888888888889
7,0.225,NegtiveCopykitten,1000,0.0015277777777777776,0.0010813694772676377,0,0.0036472619532223476,0.0
7,0.225,Grudger,1000,0.001,0.0010000000000000143,0,0.002960000000000028,0.03333333333333333
7,0.25,Random,1000,0.06583333333333326,0.006145989737749575,0.05378719344734409,0.07787947321932243,0.08888888888888889
7,0.25,Cooperator,1000,0.0908888888888889,0.005527122211797203,0.08005572935376637,0.10172204842401142,0.07314814814814814
7,0.25,Cheater,1000,0.0,0.0,0,0.0,0.0
7,0.25,Copycat,1000,0.11561111111111108,0.005827760020877217,0.10418870147019174,0.12703352075203042,0.09074074074074075
7,0.25,Copykitten,1000,0.36147222222222203,0.011333786357650123,0.33925800096122777,0.3836864434832163,0.38333333333333325
7,0.25,Copy3kitten,1000,0.3116666666666661,0.008757051170597559,0.2945028463722949,0.3288304869610373,0.28055555555555556
7,0.25,NegtiveCopycat,1000,0.050000000000000044,0.0033356959706107906,0.0434620358976029,0.05653796410239719,0.05
7,0.25,NegtiveCopykitten,1000,0.0025555555555555557,0.001474147680182641,0,0.005444885008713532,0.0
7,0.25,Grudger,1000,0.0019722222222222224,0.0013940120725974726,0,0.004704485884513269,0.03333333333333333
7,0.275,Random,1000,0.06291666666666666,0.005771761621350501,0.05160401388881968,0.07422931944451364,0.048148148148148155
7,0.275,Cooperator,1000,0.08825000000000002,0.005279663171775757,0.07790186018331954,0.0985981398166805,0.07407407407407408
7,0.275,Cheater,1000,0.0,0.0,0,0.0,0.0
7,0.275,Copycat,1000,0.10416666666666659,0.005564827931077003,0.09325960392175567,0.11507372941157751,0.11944444444444444
7,0.275,Copykitten,1000,0.3483888888888884,0.01054108072739323,0.3277283706631977,0.3690494071145791,0.3037037037037037
7,0.275,Copy3kitten,1000,0.34236111111111067,0.008838774687771566,0.3250371127230784,0.35968510949914295,0.39722222222222225
7,0.275,NegtiveCopycat,1000,0.052138888888888915,0.0035300759160406536,0.045219940093449235,0.059057837684328596,0.0574074074074074
7,0.275,NegtiveCopykitten,1000,0.0007777777777777778,0.0007777777777777736,0,0.002302222222222214,0.0
7,0.275,Grudger,1000,0.001,0.001000000000000006,0,0.002960000000000012,0.0
7,0.3,Random,1000,0.06627777777777777,0.005918061546216872,0.0546783771471927,0.07787717840836283,0.07962962962962962
7,0.3,Cooperator,1000,0.0807222222222222,0.005119945349668657,0.07068712933687163,0.09075731510757276,0.036111111111111115
7,0.3,Cheater,1000,0.0,0.0,0,0.0,0.0
7,0.3,Copycat,1000,0.07625000000000005,0.004904107007735596,0.06663795026483829,0.08586204973516182,0.05185185185185185
7,0.3,Copykitten,1000,0.35594444444444445,0.009933081468783479,0.3364756047656288,0.3754132841232601,0.4083333333333333
7,0.3,Copy3kitten,1000,0.3602222222222218,0.008913331841772667,0.34275209181234734,0.3776923526320962,0.33888888888888885
7,0.3,NegtiveCopycat,1000,0.05758333333333338,0.003880266650363111,0.049978010698621685,0.06518865596804507,0.05185185185185184
7,0.3,NegtiveCopykitten,1000,0.001,0.001000000000000008,0,0.0029600000000000156,0.0
7,0.3,Grudger,1000,0.002,0.0014135055705578237,0,0.004770470918293334,0.03333333333333333
7,0.325,Random,1000,0.05983333333333343,0.005469263938887864,0.04911357601311322,0.07055309065355364,0.07037037037037037
7,0.325,Cooperator,1000,0.05827777777777779,0.004280314916819226,0.04988836054081211,0.06666719501474347,0.08240740740740742
7,0.325,Cheater,1000,0.00019444444444444446,0.00019444444444444208,0,0.0005755555555555509,0.0
7,0.325,Copycat,1000,0.06894444444444446,0.005272929769706558,0.05860950209581961,0.07927938679306931,0.11203703703703703
7,0.325,Copykitten,1000,0.34786111111111073,0.009021020459864719,0.3301799110097759,0.36554231121244557,0.31574074074074077
7,0.325,Copy3kitten,1000,0.4149722222222223,0.009116147912571123,0.39710457231358287,0.4328398721308617,0.37129629629629624
7,0.325,NegtiveCopycat,1000,0.04836111111111108,0.003879295948279585,0.04075769105248309,0.05596453116973906,0.04814814814814815
7,0.325,NegtiveCopykitten,1000,0.0005555555555555556,0.0005555555555555571,0,0.0016444444444444475,0.0
7,0.325,Grudger,1000,0.001,0.0010000000000000072,0,0.002960000000000014,0.0
7,0.35,Random,1000,0.04572222222222225,0.004793454776064058,0.036327050861136696,0.0551173935833078,0.10648148148148148
7,0.35,Cooperator,1000,0.0507777777777778,0.003891868505952882,0.043149715506110145,0.05840584004944545,0.04259259259259259
7,0.35,Cheater,1000,0.0,0.0,0,0.0,0.0
7,0.35,Copycat,1000,0.048305555555555595,0.004535826396329669,0.03941533581874944,0.05719577529236175,0.03518518518518519
7,0.35,Copykitten,1000,0.33983333333333304,0.008232589235807017,0.3236974584311513,0.3559692082355148,0.33055555555555566
7,0.35,Copy3kitten,1000,0.47622222222222216,0.009334912159708497,0.4579257943891935,0.4945186500552508,0.4287037037037037
7,0.35,NegtiveCopycat,1000,0.037472222222222226,0.0035214587183208883,0.030570163134313287,0.044374281310131165,0.05648148148148149
7,0.35,NegtiveCopykitten,1000,0.0006666666666666666,0.0006666666666666692,0,0.0019733333333333382,0.0
7,0.35,Grudger,1000,0.001,0.0010000000000000005,0,0.002960000000000001,0.0
7,0.375,Random,1000,0.04069444444444444,0.004831819050146417,0.031224079106157467,0.05016480978273142,0.0009259259259259259
7,0.375,Cooperator,1000,0.03455555555555556,0.0031974277993703747,0.028288597068789625,0.0408225140423215,0.025
7,0.375,Cheater,1000,0.0,0.0,0,0.0,0.0
7,0.375,Copycat,1000,0.03630555555555558,0.0041913637066090075,0.028090482690601923,0.04452062842050923,0.0
7,0.375,Copykitten,1000,0.3021388888888884,0.00782847053043618,0.2867950866492335,0.3174826911285433,0.3814814814814815
7,0.375,Copy3kitten,1000,0.5604166666666668,0.00970882161931889,0.5413873762928018,0.5794459570405318,0.587962962962963
7,0.375,NegtiveCopycat,1000,0.024888888888888894,0.002949217365379074,0.01910842285274591,0.03066935492503188,0.00462962962962963
7,0.375,NegtiveCopykitten,1000,0.0,0.0,0,0.0,0.0
7,0.375,Grudger,1000,0.001,0.0010000000000000037,0,0.0029600000000000073,0.0
7,0.4,Random,1000,0.03261111111111111,0.004232347047083797,0.02431571089882687,0.04090651132339535,0.07407407407407408
7,0.4,Cooperator,1000,0.020638888888888898,0.0024992353840054956,0.015740387536238125,0.02553739024153967,0.012962962962962963
7,0.4,Cheater,1000,0.0009166666666666666,0.0005585442631664393,0,0.0020114134224728875,0.0
7,0.4,Copycat,1000,0.02705555555555556,0.0037918404475802653,0.01962354827829824,0.03448756283281288,0.04722222222222223
7,0.4,Copykitten,1000,0.27327777777777773,0.007493852240446712,0.25858982738650216,0.2879657281690533,0.2527777777777778
7,0.4,Copy3kitten,1000,0.6251388888888888,0.009527640937656012,0.606464712651083,0.6438130651266946,0.5898148148148148
7,0.4,NegtiveCopycat,1000,0.019194444444444455,0.0027829890778117415,0.013739785851933441,0.02464910303695547,0.023148148148148147
7,0.4,NegtiveCopykitten,1000,0.0011666666666666668,0.0007301524695579992,0,0.0025977655070003455,0.0
7,0.4,Grudger,1000,0.0,0.0,0,0.0,0.0
7,0.425,Random,1000,0.03238888888888889,0.004610273517466891,0.023352752794653785,0.041425024983124,0.00925925925925926
7,0.425,Cooperator,1000,0.011444444444444445,0.0017489459392211154,0.00801651040357106,0.01487237848531783,0.01296296296296296
7,0.425,Cheater,1000,0.0014166666666666666,0.00068999464124777,6.42771698210374e-05,0.0027690561635122955,0.0
7,0.425,Copycat,1000,0.021361111111111112,0.0037570851722393134,0.013997224173522057,0.028724998048700167,0.0
7,0.425,Copykitten,1000,0.23777777777777784,0.008267937523327983,0.22157262023205498,0.2539829353235007,0.23148148148148145
7,0.425,Copy3kitten,1000,0.6735833333333336,0.010254149651974352,0.653485200015464,0.6936814666512033,0.7407407407407408
7,0.425,NegtiveCopycat,1000,0.01466666666666667,0.0026490025944890866,0.00947462158146806,0.01985871175186528,0.005555555555555555
7,0.425,NegtiveCopykitten,1000,0.002277777777777778,0.0010674594683781759,0.00018555721975655306,0.004369998335799003,0.0
7,0.425,Grudger,1000,0.005083333333333333,0.0022329554981959823,0.0007067405568692078,0.009459926109797458,0.0
7,0.45,Random,1000,0.021805555555555557,0.004091589487040041,0.013786040160957077,0.029825070950154037,0.0
7,0.45,Cooperator,1000,0.005833333333333333,0.0012820068992942116,0.003320599810716678,0.008346066855949987,0.0018518518518518517
7,0.45,Cheater,1000,0.0032499999999999994,0.000956013898269675,0.0013762127593914364,0.005123787240608562,0.010185185185185186
7,0.45,Copycat,1000,0.015555555555555557,0.0035721117289953972,0.008554216566724579,0.022556894544386537,0.0
7,0.45,Copykitten,1000,0.23049999999999968,0.009097400611332235,0.2126690948017885,0.24833090519821086,0.28055555555555556
7,0.45,Copy3kitten,1000,0.6981944444444446,0.010826303904508481,0.6769748887916079,0.7194140000972812,0.6833333333333335
7,0.45,NegtiveCopycat,1000,0.013138888888888884,0.0025002117768900193,0.008238473806184445,0.018039303971593323,0.017592592592592594
7,0.45,NegtiveCopykitten,1000,0.005722222222222222,0.0015939838806500756,0.002598013816148074,0.00884643062829637,0.006481481481481481
7,0.45,Grudger,1000,0.006,0.002443352199329826,0.0012110296893135418,0.010788970310686458,0.0
7,0.475,Random,1000,0.013333333333333332,0.003244801783646903,0.006973521837385403,0.01969314482928126,0.06481481481481481
7,0.475,Cooperator,1000,0.0012777777777777776,0.0006312345832369883,4.055799463328056e-05,0.0025149975609222745,0.0
7,0.475,Cheater,1000,0.02602777777777777,0.0029035361790979894,0.020336846866745712,0.03171870868880983,0.02592592592592592
7,0.475,Copycat,1000,0.01994444444444444,0.004266767040745547,0.01158158104458317,0.028307307844305712,0.04259259259259259
7,0.475,Copykitten,1000,0.2818611111111109,0.012004054778591403,0.25833316374507176,0.30538905847715003,0.18611111111111114
7,0.475,Copy3kitten,1000,0.5753611111111119,0.013650230436968443,0.5486066594546537,0.6021155627675701,0.5601851851851852
7,0.475,NegtiveCopycat,1000,0.031138888888888886,0.00337189432943856,0.02452997600318931,0.03774780177458846,0.05
7,0.475,NegtiveCopykitten,1000,0.033972222222222216,0.00364752088071363,0.026823081296023503,0.04112136314842093,0.03796296296296296
7,0.475,Grudger,1000,0.017083333333333336,0.004015563152612257,0.009212829554213313,0.02495383711245336,0.032407407407407406
7,0.5,Random,1000,0.003444444444444444,0.001502968141452734,0.0004986268871970856,0.006390262001691802,0.01388888888888889
7,0.5,Cooperator,1000,0.0004444444444444444,0.00044444444444444295,0,0.0013155555555555527,0.0
7,0.5,Cheater,1000,0.06661111111111115,0.004191625834272615,0.05839552447593682,0.07482669774628548,0.058333333333333334
7,0.5,Copycat,1000,0.02813888888888889,0.005041476945525113,0.018257594075659668,0.03802018370211811,0.06666666666666667
7,0.5,Copykitten,1000,0.28172222222222204,0.012853518035497245,0.25652932687264746,0.3069151175717966,0.2212962962962963
7,0.5,Copy3kitten,1000,0.41622222222222244,0.014366381722200887,0.3880641140467087,0.44438033039773617,0.46481481481481485
7,0.5,NegtiveCopycat,1000,0.09136111111111105,0.005470336763539259,0.0806392510545741,0.10208297116764799,0.08981481481481482
7,0.5,NegtiveCopykitten,1000,0.0909166666666666,0.005417628796994893,0.08029811422455661,0.1015352191087766,0.08518518518518518
7,0.5,Grudger,1000,0.021138888888888888,0.004379273374473744,0.01255551307492035,0.029722264702857423,0.0
8,0.0,Random,1000,0.0017777777777777776,0.0012589059152147144,0,0.0042452333715986175,0.0
8,0.0,Cooperator,1000,0.20855555555555552,0.007945889619999192,0.19298161190035712,0.22412949921075392,0.1712962962962963
8,0.0,Cheater,1000,0.0,0.0,0,0.0,0.0
8,0.0,Copycat,1000,0.14344444444444435,0.007044798417293156,0.12963663954654975,0.15725224934233895,0.09537037037037037
8,0.0,Copykitten,1000,0.17852777777777779,0.007508109233754853,0.16381188367961827,0.1932436718759373,0.22407407407407412
8,0.0,Copy3kitten,1000,0.2947777777777776,0.008865739096363394,0.27740092914890535,0.3121546264066498,0.3185185185185186
8,0.0,NegtiveCopycat,1000,0.0005555555555555556,0.00026306844637206657,3.994140066630508e-05,0.0010711697104448061,0.0027777777777777775
8,0.0,NegtiveCopykitten,1000,0.001611111111111111,0.0005699909688050589,0.0004939288122531955,0.0027282934099690263,0.006481481481481481
8,0.0,Grudger,1000,0.1707499999999998,0.007043827341786946,0.15694409841009738,0.1845559015899022,0.18148148148148147
8,0.025,Random,1000,0.04325,0.00601153640070969,0.031467388654609005,0.05503261134539099,0.0009259259259259259
8,0.025,Cooperator,1000,0.13988888888888876,0.006467088265830745,0.1272133958878605,0.15256438188991703,0.11851851851851851
8,0.025,Cheater,1000,0.0,0.0,0,0.0,0.0
8,0.025,Copycat,1000,0.10986111111111119,0.003873423556215892,0.10226920094092803,0.11745302128129434,0.1277777777777778
8,0.025,Copykitten,1000,0.3093611111111111,0.009460942911144136,0.29081766300526857,0.3279045592169536,0.3259259259259259
8,0.025,Copy3kitten,1000,0.3751944444444442,0.009643910214878006,0.3562923804232833,0.3940965084656051,0.3787037037037037
8,0.025,NegtiveCopycat,1000,0.009583333333333334,0.0010256503275468012,0.007573058691341604,0.011593607975325064,0.0
8,0.025,NegtiveCopykitten,1000,0.008666666666666665,0.0017308338768830891,0.00527423226797581,0.012059101065357519,0.014814814814814814
8,0.025,Grudger,1000,0.0041944444444444425,0.0013142257723613277,0.0016185619306162405,0.0067703269582726445,0.03333333333333333
8,0.05,Random,1000,0.07033333333333334,0.007357658264362007,0.05591232313518381,0.08475434353148288,0.1138888888888889
8,0.05,Cooperator,1000,0.12677777777777768,0.0063990844356789645,0.11423557228384691,0.13931998327170844,0.11666666666666667
8,0.05,Cheater,1000,0.0,0.0,0,0.0,0.0
8,0.05,Copycat,1000,0.13661111111111118,0.004871340825986658,0.12706328309217735,0.14615893913004502,0.13148148148148148
8,0.05,Copykitten,1000,0.30952777777777757,0.009685092477311303,0.2905449965222474,0.3285105590333077,0.275
8,0.05,Copy3kitten,1000,0.32080555555555557,0.009472910405796488,0.30223865116019444,0.3393724599509167,0.29907407407407405
8,0.05,NegtiveCopycat,1000,0.01841666666666667,0.0014385867103101988,0.015597036714458681,0.02123629661887466,0.023148148148148147
8,0.05,NegtiveCopykitten,1000,0.016194444444444442,0.0028381699663940236,0.010631631310312157,0.021757257578576727,0.040740740740740744
8,0.05,Grudger,1000,0.0013333333333333335,0.001045682301737741,0,0.003382870644739306,0.0
8,0.075,Random,1000,0.09827777777777785,0.00859471064957485,0.08143214490461115,0.11512341065094456,0.11574074074074074
8,0.075,Cooperator,1000,0.10058333333333325,0.005994720731258608,0.08883368070006638,0.11233298596660012,0.1287037037037037
8,0.075,Cheater,1000,0.0,0.0,0,0.0,0.0
8,0.075,Copycat,1000,0.1342777777777779,0.0052985576907769545,0.12389260470385507,0.14466295085170075,0.14444444444444443
8,0.075,Copykitten,1000,0.33313888888888893,0.01038222631158235,0.3127897253181875,0.35348805245959036,0.36388888888888893
8,0.075,Copy3kitten,1000,0.28113888888888916,0.009124323721568036,0.2632552143946158,0.2990225633831625,0.19444444444444445
8,0.075,NegtiveCopycat,1000,0.0351388888888889,0.0019719903648561378,0.03127378777377087,0.03900399000400693,0.039814814814814824
8,0.075,NegtiveCopykitten,1000,0.01172222222222222,0.0024167441694924402,0.006985403650017038,0.016459040794427404,0.012962962962962963
8,0.075,Grudger,1000,0.005722222222222222,0.0023281338544596996,0.0011590798674812114,0.010285364576963232,0.0
8,0.1,Random,1000,0.08836111111111114,0.008105371941335858,0.07247458210609287,0.10424764011612941,0.13425925925925924
8,0.1,Cooperator,1000,0.10699999999999998,0.006173262581430833,0.09490040534039555,0.11909959465960442,0.11851851851851852
8,0.1,Cheater,1000,0.0,0.0,0,0.0,0.0
8,0.1,Copycat,1000,0.12994444444444442,0.005527282914051673,0.11911096993290314,0.14077791895598568,0.13425925925925924
8,0.1,Copykitten,1000,0.3564722222222223,0.010691422814554496,0.3355170335056955,0.3774274109387491,0.26203703703703707
8,0.1,Copy3kitten,1000,0.2668333333333331,0.009034593518963232,0.24912553003616517,0.284541136630501,0.2898148148148148
8,0.1,NegtiveCopycat,1000,0.03991666666666663,0.0021358100031497952,0.03573047906049303,0.044102854272840226,0.06111111111111111
8,0.1,NegtiveCopykitten,1000,0.011472222222222224,0.0025931929747176597,0.006389563991775611,0.016554880452668837,0.0
8,0.1,Grudger,1000,0.0,0.0,0,0.0,0.0
8,0.125,Random,1000,0.09336111111111109,0.008147118597178857,0.07739275866064053,0.10932946356158164,0.08240740740740742
8,0.125,Cooperator,1000,0.09686111111111101,0.00572709739326644,0.08563600022030879,0.10808622200191323,0.14166666666666666
8,0.125,Cheater,1000,0.0,0.0,0,0.0,0.0
8,0.125,Copycat,1000,0.12391666666666676,0.005291996473666125,0.11354435357828116,0.13428897975505236,0.13425925925925924
8,0.125,Copykitten,1000,0.3409999999999998,0.010914801233755596,0.31960698958183886,0.36239301041816074,0.3981481481481481
8,0.125,Copy3kitten,1000,0.29263888888888867,0.009134155473942172,0.274735944159962,0.31054183361781534,0.19351851851851853
8,0.125,NegtiveCopycat,1000,0.0458055555555555,0.002408080903455743,0.04108571698478225,0.050525394126328754,0.03518518518518519
8,0.125,NegtiveCopykitten,1000,0.006416666666666667,0.002269006028527307,0.001969414850753145,0.010863918482580188,0.014814814814814814
8,0.125,Grudger,1000,0.0,0.0,0,0.0,0.0
8,0.15,Random,1000,0.08933333333333335,0.007876837124226906,0.07389473256984862,0.10477193409681808,0.0787037037037037
8,0.15,Cooperator,1000,0.11330555555555559,0.006296072968521593,0.10096525253725327,0.1256458585738579,0.1574074074074074
8,0.15,Cheater,1000,0.0,0.0,0,0.0,0.0
8,0.15,Copycat,1000,0.13563888888888903,0.006260923362628757,0.12336747909813667,0.1479102986796414,0.0962962962962963
8,0.15,Copykitten,1000,0.30466666666666625,0.010648419285402002,0.2837957648672783,0.3255375684660542,0.35462962962962963
8,0.15,Copy3kitten,1000,0.3019722222222222,0.009074242565832981,0.2841867067931896,0.3197577376512548,0.23240740740740742
8,0.15,NegtiveCopycat,1000,0.0459999999999999,0.002534330333173846,0.04103271254697916,0.05096728745302064,0.05
8,0.15,NegtiveCopykitten,1000,0.008083333333333335,0.0024479276138581084,0.0032853952101714427,0.012881271456495227,0.030555555555555555
8,0.15,Grudger,1000,0.001,0.001000000000000004,0,0.0029600000000000078,0.0
8,0.175,Random,1000,0.10783333333333327,0.008388579523051644,0.09139171746815204,0.12427494919851449,0.11111111111111112
8,0.175,Cooperator,1000,0.10174999999999998,0.0060100381078706765,0.08997032530857345,0.11352967469142651,0.07314814814814816
8,0.175,Cheater,1000,0.0,0.0,0,0.0,0.0
8,0.175,Copycat,1000,0.10291666666666659,0.005050595402044127,0.0930174996786601,0.11281583365467307,0.09074074074074073
8,0.175,Copykitten,1000,0.3343055555555555,0.011386103751345907,0.31198879220291753,0.3566223189081935,0.3731481481481481
8,0.175,Copy3kitten,1000,0.2958055555555548,0.009101330800472159,0.2779669471866294,0.31364416392448025,0.2574074074074074
8,0.175,NegtiveCopycat,1000,0.05255555555555547,0.002851097751396396,0.04696740396281853,0.0581437071482924,0.04351851851851851
8,0.175,NegtiveCopykitten,1000,0.0038333333333333336,0.0017499834489792406,0.00040336577333402197,0.007263300893332645,0.017592592592592594
8,0.175,Grudger,1000,0.001,0.0010000000000000143,0,0.002960000000000028,0.03333333333333333
8,0.2,Random,1000,0.10727777777777778,0.008163421658935454,0.09127747132626429,0.12327808422929126,0.07407407407407408
8,0.2,Cooperator,1000,0.08869444444444442,0.00584654925205244,0.07723520791042164,0.1001536809784672,0.08518518518518518
8,0.2,Cheater,1000,0.0,0.0,0,0.0,0.0
8,0.2,Copycat,1000,0.1083055555555557,0.006524879674341996,0.09551679139384539,0.121094319717266,0.11203703703703703
8,0.2,Copykitten,1000,0.3462222222222223,0.011417905503942574,0.3238431274344949,0.36860131700994975,0.3898148148148148
8,0.2,Copy3kitten,1000,0.2908333333333326,0.009133154448995259,0.2729323506133019,0.3087343160533633,0.2962962962962964
8,0.2,NegtiveCopycat,1000,0.05486111111111111,0.0030669692842795232,0.04884985131392325,0.06087237090829897,0.04259259259259259
8,0.2,NegtiveCopykitten,1000,0.003805555555555556,0.0017136968731436759,0.0004467096841939515,0.00716440142691716,0.0
8,0.2,Grudger,1000,0.0,0.0,0,0.0,0.0
8,0.225,Random,1000,0.09555555555555562,0.0074941946249435605,0.08086693409066624,0.11024417702044499,0.12037037037037038
8,0.225,Cooperator,1000,0.08733333333333337,0.00575504262167589,0.07605344979484863,0.09861321687181812,0.11018518518518518
8,0.225,Cheater,1000,0.0,0.0,0,0.0,0.0
8,0.225,Copycat,1000,0.11172222222222215,0.006933091375976021,0.09813336312530915,0.12531108131913515,0.12407407407407407
8,0.225,Copykitten,1000,0.33152777777777753,0.011248482605340619,0.3094807518713099,0.35357480368424515,0.2907407407407407
8,0.225,Copy3kitten,1000,0.3171666666666662,0.009279810193258365,0.2989782386878798,0.3353550946454526,0.28333333333333327
8,0.225,NegtiveCopycat,1000,0.05511111111111115,0.003290908231867137,0.04866093097665156,0.06156129124557074,0.07129629629629629
8,0.225,NegtiveCopykitten,1000,0.0015833333333333333,0.0011274487746700378,0,0.0037931329316866075,0.0
8,0.225,Grudger,1000,0.0,0.0,0,0.0,0.0
8,0.25,Random,1000,0.10544444444444448,0.00769976847591731,0.09035289823164655,0.12053599065724241,0.05
8,0.25,Cooperator,1000,0.07744444444444445,0.00505999791378709,0.06752684853342175,0.08736204035546716,0.10370370370370369
8,0.25,Cheater,1000,0.0,0.0,0,0.0,0.0
8,0.25,Copycat,1000,0.0793055555555556,0.00556277857390101,0.06840250955070962,0.09020860156040159,0.07777777777777778
8,0.25,Copykitten,1000,0.35961111111111105,0.010865766837321553,0.3383142081099608,0.3809080141122613,0.325
8,0.25,Copy3kitten,1000,0.31797222222222205,0.009028539875261839,0.30027628406670887,0.3356681603777352,0.3972222222222222
8,0.25,NegtiveCopycat,1000,0.05672222222222228,0.0034876324701598577,0.04988646258070896,0.0635579818637356,0.046296296296296294
8,0.25,NegtiveCopykitten,1000,0.0015,0.0010601291779183761,0,0.0035778531887200172,0.0
8,0.25,Grudger,1000,0.002,0.0014135055705577946,0,0.004770470918293277,0.0
8,0.275,Random,1000,0.11144444444444446,0.007499318011314991,0.09674578114226708,0.12614310774662185,0.08703703703703704
8,0.275,Cooperator,1000,0.07297222222222223,0.00492641252573381,0.06331645367178396,0.0826279907726605,0.10740740740740741
8,0.275,Cheater,1000,0.0,0.0,0,0.0,0.0
8,0.275,Copycat,1000,0.07230555555555554,0.005535596376256265,0.06145578665809326,0.08315532445301782,0.08148148148148149
8,0.275,Copykitten,1000,0.344,0.0101389181799337,0.3241277203673299,0.36387227963267005,0.31111111111111106
8,0.275,Copy3kitten,1000,0.33922222222222176,0.009400534509346139,0.32079717458390333,0.3576472698605402,0.3518518518518519
8,0.275,NegtiveCopycat,1000,0.0592222222222223,0.003863000728252388,0.05165074079484762,0.06679370364959698,0.061111111111111116
8,0.275,NegtiveCopykitten,1000,0.0008333333333333334,0.000833333333333325,0,0.0024666666666666504,0.0
8,0.275,Grudger,1000,0.0,0.0,0,0.0,0.0
8,0.3,Random,1000,0.10955555555555554,0.007492053898121268,0.09487112991523786,0.12423998119587323,0.06574074074074074
8,0.3,Cooperator,1000,0.07002777777777774,0.00477431238182138,0.06067012550940784,0.07938543004614765,0.0537037037037037
8,0.3,Cheater,1000,0.0,0.0,0,0.0,0.0
8,0.3,Copycat,1000,0.0672777777777778,0.005394586881031686,0.056704387490955695,0.07785116806459991,0.062037037037037036
8,0.3,Copykitten,1000,0.3133055555555552,0.00903572171728063,0.2955955409896852,0.33101557012142524,0.362962962962963
8,0.3,Copy3kitten,1000,0.38052777777777724,0.009827979497434369,0.3612649379628059,0.3997906175927486,0.4240740740740741
8,0.3,NegtiveCopycat,1000,0.05450000000000006,0.003901000809213771,0.04685403841394107,0.062145961586059055,0.03148148148148148
8,0.3,NegtiveCopykitten,1000,0.0018055555555555555,0.0012834745923669187,0,0.004321165756594716,0.0
8,0.3,Grudger,1000,0.003,0.00173031615434693,0,0.006391419662519982,0.0
8,0.325,Random,1000,0.11369444444444442,0.00798256848641978,0.09804861021106165,0.1293402786778272,0.21018518518518517
8,0.325,Cooperator,1000,0.07086111111111114,0.004788837338608251,0.06147498992743897,0.08024723229478331,0.08055555555555555
8,0.325,Cheater,1000,0.0,0.0,0,0.0,0.0
8,0.325,Copycat,1000,0.053805555555555565,0.005013839689710192,0.04397842976372359,0.06363268134738755,0.016666666666666666
8,0.325,Copykitten,1000,0.27347222222222217,0.008071698978052485,0.2576516922252393,0.28929275221920503,0.27222222222222225
8,0.325,Copy3kitten,1000,0.43450000000000044,0.010564195019685358,0.41379417776141714,0.45520582223858375,0.31944444444444453
8,0.325,NegtiveCopycat,1000,0.05286111111111107,0.004064963024106141,0.044893783583863034,0.0608284386383591,0.10092592592592592
8,0.325,NegtiveCopykitten,1000,0.0008055555555555556,0.0008055555555555492,0,0.002384444444444432,0.0
8,0.325,Grudger,1000,0.0,0.0,0,0.0,0.0
8,0.35,Random,1000,0.11472222222222223,0.007619538235252435,0.09978792728112745,0.129656517163317,0.09722222222222224
8,0.35,Cooperator,1000,0.05780555555555558,0.004344083522225136,0.049291151851994314,0.06631995925911685,0.030555555555555558
8,0.35,Cheater,1000,0.0,0.0,0,0.0,0.0
8,0.35,Copycat,1000,0.06647222222222222,0.005709992716761282,0.05528063649737011,0.07766380794707434,0.06666666666666667
8,0.35,Copykitten,1000,0.23858333333333315,0.007701157417718871,0.22348906479460418,0.2536776018720621,0.2675925925925926
8,0.35,Copy3kitten,1000,0.472222222222222,0.011364655294282308,0.44994749784542865,0.49449694659901533,0.5083333333333334
8,0.35,NegtiveCopycat,1000,0.04794444444444441,0.004039931478997752,0.04002617874560881,0.05586271014328,0.029629629629629627
8,0.35,NegtiveCopykitten,1000,0.00125,0.0008836595252843551,0,0.002981972669557336,0.0
8,0.35,Grudger,1000,0.001,0.0010000000000000104,0,0.0029600000000000203,0.0
8,0.375,Random,1000,0.08663888888888888,0.007111131476499422,0.07270107119495,0.10057670658282775,0.041666666666666664
8,0.375,Cooperator,1000,0.045277777777777764,0.0036036172167280625,0.03821468803299076,0.05234086752256477,0.08148148148148149
8,0.375,Cheater,1000,0.0,0.0,0,0.0,0.0
8,0.375,Copycat,1000,0.037750000000000006,0.004503119580504916,0.02892388562221037,0.04657611437778964,0.029629629629629627
8,0.375,Copykitten,1000,0.17219444444444434,0.0063997781283565485,0.1596508793128655,0.18473800957602318,0.15370370370370365
8,0.375,Copy3kitten,1000,0.6239444444444437,0.0114842714327986,0.6014352724361585,0.646453616452729,0.685185185185185
8,0.375,NegtiveCopycat,1000,0.0336111111111111,0.003696387084032978,0.026366192426406462,0.040856029795815735,0.008333333333333333
8,0.375,NegtiveCopykitten,1000,0.0005833333333333334,0.0005833333333333335,0,0.0017266666666666671,0.0
8,0.375,Grudger,1000,0.0,0.0,0,0.0,0.0
8,0.4,Random,1000,0.08758333333333328,0.007626756829383567,0.07263488994774149,0.10253177671892506,0.06759259259259259
8,0.4,Cooperator,1000,0.04255555555555556,0.003623055884381115,0.035454366022168574,0.04965674508894255,0.057407407407407414
8,0.4,Cheater,1000,0.0,0.0,0,0.0,0.0
8,0.4,Copycat,1000,0.025749999999999995,0.003649468497993697,0.018597041743932348,0.03290295825606764,0.06574074074074074
8,0.4,Copykitten,1000,0.14336111111111083,0.006166313638378271,0.1312751363798894,0.15544708584233224,0.13796296296296295
8,0.4,Copy3kitten,1000,0.6731388888888878,0.01178146560449141,0.6500472163040847,0.696230561473691,0.6638888888888889
8,0.4,NegtiveCopycat,1000,0.027611111111111104,0.0034331399666016086,0.02088215677657195,0.034340065445650256,0.007407407407407407
8,0.4,NegtiveCopykitten,1000,0.0,0.0,0,0.0,0.0
8,0.4,Grudger,1000,0.0,0.0,0,0.0,0.0
8,0.425,Random,1000,0.05505555555555556,0.006270437734084542,0.04276549759674986,0.06734561351436126,0.08888888888888888
8,0.425,Cooperator,1000,0.02252777777777777,0.002655127728120712,0.017323727430661177,0.027731828124894366,0.032407407407407406
8,0.425,Cheater,1000,0.0,0.0,0,0.0,0.0
8,0.425,Copycat,1000,0.015611111111111112,0.0030764967277841443,0.00958117752465419,0.021641044697568036,0.032407407407407406
8,0.425,Copykitten,1000,0.0893888888888888,0.0051029693776573366,0.07938706890868041,0.09939070886909718,0.09166666666666669
8,0.425,Copy3kitten,1000,0.799444444444444,0.010096896438414093,0.7796545274251523,0.8192343614637356,0.7435185185185186
8,0.425,NegtiveCopycat,1000,0.01797222222222223,0.002955653809027959,0.012179140756527429,0.02376530368791703,0.01111111111111111
8,0.425,NegtiveCopykitten,1000,0.0,0.0,0,0.0,0.0
8,0.425,Grudger,1000,0.0,0.0,0,0.0,0.0
8,0.45,Random,1000,0.05591666666666667,0.00667687919215343,0.04282998345004595,0.0690033498832874,0.01574074074074074
8,0.45,Cooperator,1000,0.014388888888888887,0.0021069823349389636,0.010259203512408518,0.018518574265369257,0.040740740740740744
8,0.45,Cheater,1000,0.0006111111111111112,0.00033525103647115114,0,0.0012682031425945675,0.0
8,0.45,Copycat,1000,0.007694444444444446,0.002276589796569107,0.003232328443168996,0.012156560445719895,0.09444444444444443
8,0.45,Copykitten,1000,0.0802777777777777,0.006176502500100774,0.06817183287758018,0.09238372267797522,0.09259259259259259
8,0.45,Copy3kitten,1000,0.8226388888888881,0.010438236297049552,0.8021799457466711,0.8430978320311052,0.7231481481481481
8,0.45,NegtiveCopycat,1000,0.015222222222222227,0.0028493851159063547,0.009637427395045771,0.020807017049398684,0.0
8,0.45,NegtiveCopykitten,1000,0.00225,0.0010318309040345211,0.00022761142809233845,0.004272388571907661,0.0
8,0.45,Grudger,1000,0.001,0.0010000000000000143,0,0.002960000000000028,0.03333333333333333
8,0.475,Random,1000,0.031361111111111124,0.004965958136706773,0.021627833163165848,0.0410943890590564,0.03333333333333333
8,0.475,Cooperator,1000,0.006,0.0014234505248099526,0.003210036971372493,0.008789963028627508,0.0
8,0.475,Cheater,1000,0.00675,0.0016781090090165257,0.0034609063423276095,0.010039093657672391,0.0
8,0.475,Copycat,1000,0.01125,0.003114029204706412,0.005146502758775432,0.017353497241224567,0.0
8,0.475,Copykitten,1000,0.10358333333333332,0.008488415305467878,0.08694603933461628,0.12022062733205036,0.09259259259259259
8,0.475,Copy3kitten,1000,0.8179166666666664,0.0112901605929175,0.7957879519045481,0.8400453814287847,0.874074074074074
8,0.475,NegtiveCopycat,1000,0.013305555555555555,0.0025891879964384194,0.008230747082536252,0.018380364028574857,0.0
8,0.475,NegtiveCopykitten,1000,0.0076388888888888895,0.001775054002494991,0.004159783043998708,0.011117994733779071,0.0
8,0.475,Grudger,1000,0.002194444444444444,0.0014041699127103843,0,0.004946617473356797,0.0
8,0.5,Random,1000,0.020833333333333332,0.004217518629397562,0.012566996819714111,0.02909966984695255,0.0
8,0.5,Cooperator,1000,0.0032499999999999994,0.0009155706399602611,0.0014554815456778876,0.005044518454322111,0.0
8,0.5,Cheater,1000,0.020583333333333335,0.0024894764545400124,0.01570395948243491,0.02546270718423176,0.026851851851851852
8,0.5,Copycat,1000,0.015638888888888886,0.003698907367319202,0.00838903044894325,0.022888747328834523,0.0
8,0.5,Copykitten,1000,0.12002777777777754,0.00961551700493579,0.10118136444810338,0.1388741911074517,0.08425925925925926
8,0.5,Copy3kitten,1000,0.7538611111111102,0.013114599982532357,0.7281564951453467,0.7795657270768737,0.7824074074074073
8,0.5,NegtiveCopycat,1000,0.03258333333333334,0.0036477114543793324,0.02543381888274985,0.03973284778391683,0.05648148148148148
8,0.5,NegtiveCopykitten,1000,0.029138888888888884,0.0033755848106000927,0.022522742660112702,0.03575503511766506,0.05
8,0.5,Grudger,1000,0.004083333333333333,0.001878230337263508,0.0004020018722968575,0.007764664794369809,0.0
9,0.0,Random,1000,0.002833333333333333,0.0016341874791054377,0,0.006036340792379991,0.0
9,0.0,Cooperator,1000,0.20372222222222205,0.007539715734876562,0.18894437938186398,0.21850006506258013,0.15648148148148147
9,0.0,Cheater,1000,0.0,0.0,0,0.0,0.0
9,0.0,Copycat,1000,0.1431388888888888,0.00677271202073216,0.12986437332825376,0.1564134044495238,0.052777777777777785
9,0.0,Copykitten,1000,0.1674166666666667,0.007113381194129889,0.15347443952617212,0.1813588938071613,0.19074074074074074
9,0.0,Copy3kitten,1000,0.3248055555555554,0.009153751185143971,0.3068642032326732,0.3427469078784376,0.39629629629629626
9,0.0,NegtiveCopycat,1000,0.0003333333333333334,0.00015185551400647513,3.569652588064214e-05,0.0006309701407860246,0.0027777777777777775
9,0.0,NegtiveCopykitten,1000,0.0005555555555555556,0.0003212313953561356,0,0.0011851690904535813,0.0
9,0.0,Grudger,1000,0.15719444444444428,0.00684661482940855,0.14377507937880352,0.17061380951008503,0.2009259259259259
9,0.025,Random,1000,0.03833333333333334,0.005778236551689238,0.027007989692022432,0.04965867697464424,0.0
9,0.025,Cooperator,1000,0.14591666666666667,0.006670059880071657,0.13284334930172623,0.1589899840316071,0.19907407407407407
9,0.025,Cheater,1000,0.0,0.0,0,0.0,0.0
9,0.025,Copycat,1000,0.11369444444444443,0.0046208083293434905,0.10463766011893119,0.12275122876995767,0.0925925925925926
9,0.025,Copykitten,1000,0.3186111111111104,0.009446435605002891,0.30009609732530473,0.33712612489691607,0.3037037037037037
9,0.025,Copy3kitten,1000,0.3717222222222217,0.009515639556098868,0.3530715686922679,0.39037287575217544,0.39537037037037037
9,0.025,NegtiveCopycat,1000,0.007222222222222217,0.000847714488741539,0.0055607018242888,0.008883742620155633,0.0
9,0.025,NegtiveCopykitten,1000,0.002444444444444445,0.0011405617598541336,0.000208943395130343,0.004679945493758547,0.0
9,0.025,Grudger,1000,0.0020555555555555557,0.0011601232733922141,0,0.004329397171404296,0.00925925925925926
9,0.05,Random,1000,0.06913888888888885,0.007517321362025562,0.05440493901931875,0.08387283875845895,0.14814814814814817
9,0.05,Cooperator,1000,0.11099999999999997,0.006250717281101159,0.0987485941290417,0.12325140587095824,0.05
9,0.05,Cheater,1000,0.0,0.0,0,0.0,0.0
9,0.05,Copycat,1000,0.12430555555555566,0.004749643554820562,0.11499625418810736,0.13361485692300396,0.10648148148148145
9,0.05,Copykitten,1000,0.34644444444444444,0.009982870064854507,0.3268780191173296,0.3660108697715593,0.34351851851851856
9,0.05,Copy3kitten,1000,0.3218055555555557,0.009336629326701444,0.30350576207522084,0.3401053490358905,0.32962962962962966
9,0.05,NegtiveCopycat,1000,0.019138888888888886,0.00138520783465502,0.01642388153296505,0.021853896244812723,0.022222222222222223
9,0.05,NegtiveCopykitten,1000,0.008166666666666668,0.0022263829084254723,0.0038029561661527423,0.012530377167180593,0.0
9,0.05,Grudger,1000,0.0,0.0,0,0.0,0.0
9,0.075,Random,1000,0.10663888888888891,0.008980414156643536,0.08903727714186757,0.12424050063591024,0.14722222222222223
9,0.075,Cooperator,1000,0.09108333333333328,0.00567543601848578,0.07995947873710116,0.1022071879295654,0.12407407407407406
9,0.075,Cheater,1000,0.0,0.0,0,0.0,0.0
9,0.075,Copycat,1000,0.12027777777777797,0.005388941633242502,0.10971545217662267,0.13084010337893326,0.07962962962962965
9,0.075,Copykitten,1000,0.3521666666666665,0.010615704589176553,0.33135988567188046,0.3729734476614526,0.33333333333333326
9,0.075,Copy3kitten,1000,0.2841388888888886,0.009287101907264166,0.2659361691506508,0.3023416086271264,0.22962962962962966
9,0.075,NegtiveCopycat,1000,0.0321111111111111,0.0017545473664602135,0.02867219827284908,0.035550023949373115,0.04074074074074074
9,0.075,NegtiveCopykitten,1000,0.01358333333333333,0.003129480932038177,0.007449550706538502,0.019717115960128158,0.04537037037037037
9,0.075,Grudger,1000,0.0,0.0,0,0.0,0.0
9,0.1,Random,1000,0.12349999999999997,0.009393384748590961,0.10508896589276169,0.14191103410723827,0.08703703703703704
9,0.1,Cooperator,1000,0.07263888888888895,0.00504147265579526,0.06275760248353024,0.08252017529424766,0.06388888888888887
9,0.1,Cheater,1000,0.0,0.0,0,0.0,0.0
9,0.1,Copycat,1000,0.10502777777777787,0.005419949867521221,0.09440467603743628,0.11565087951811946,0.11574074074074074
9,0.1,Copykitten,1000,0.3699722222222224,0.010784504307413213,0.3488345937796925,0.39110985066475235,0.4666666666666667
9,0.1,Copy3kitten,1000,0.2749444444444445,0.008968904092660308,0.2573653924228303,0.2925234964660587,0.23425925925925922
9,0.1,NegtiveCopycat,1000,0.045527777777777736,0.002139540234809106,0.04133427891755189,0.04972127663800358,0.032407407407407406
9,0.1,NegtiveCopykitten,1000,0.008388888888888888,0.0025369396141444868,0.0034164872451656943,0.013361290532612083,0.0
9,0.1,Grudger,1000,0.0,0.0,0,0.0,0.0
9,0.125,Random,1000,0.12438888888888884,0.00928173431800197,0.10619668962560498,0.1425810881521727,0.13425925925925924
9,0.125,Cooperator,1000,0.09499999999999996,0.005907388841267745,0.08342151787111518,0.10657848212888474,0.08703703703703702
9,0.125,Cheater,1000,0.0,0.0,0,0.0,0.0
9,0.125,Copycat,1000,0.09830555555555566,0.005620414346079781,0.08728954343723928,0.10932156767387204,0.1027777777777778
9,0.125,Copykitten,1000,0.3476666666666666,0.01131123797815367,0.32549664022948543,0.3698366931038478,0.40092592592592596
9,0.125,Copy3kitten,1000,0.27761111111111075,0.009246402652458607,0.2594881619122919,0.2957340603099296,0.22314814814814815
9,0.125,NegtiveCopycat,1000,0.050083333333333244,0.0023878519358896512,0.04540314353898953,0.05476352312767696,0.05185185185185186
9,0.125,NegtiveCopykitten,1000,0.006944444444444445,0.0024201907719755052,0.0022008705313724545,0.011688018357516435,0.0
9,0.125,Grudger,1000,0.0,0.0,0,0.0,0.0
9,0.15,Random,1000,0.12761111111111104,0.009278307234257795,0.10942562893196575,0.14579659329025632,0.02777777777777778
9,0.15,Cooperator,1000,0.07747222222222223,0.0052257575851387085,0.06722973735535037,0.0877147070890941,0.11666666666666668
9,0.15,Cheater,1000,0.0,0.0,0,0.0,0.0
9,0.15,Copycat,1000,0.10375000000000001,0.00619964826185082,0.0915986894067724,0.11590131059322761,0.07777777777777777
9,0.15,Copykitten,1000,0.33186111111111055,0.011388152729231975,0.3095403317618159,0.3541818904604052,0.39444444444444443
9,0.15,Copy3kitten,1000,0.3045277777777779,0.009567590340671069,0.28577530071006263,0.32328025484549316,0.35925925925925933
9,0.15,NegtiveCopycat,1000,0.0518333333333332,0.0025749021071882375,0.04678652520324425,0.05688014146342214,0.02407407407407407
9,0.15,NegtiveCopykitten,1000,0.0029444444444444444,0.001610662324017944,0,0.006101342599519615,0.0
9,0.15,Grudger,1000,0.0,0.0,0,0.0,0.0
9,0.175,Random,1000,0.13063888888888875,0.009132211080766181,0.11273975517058704,0.14853802260719046,0.025
9,0.175,Cooperator,1000,0.07175,0.005192145142407163,0.06157339552088195,0.08192660447911804,0.125
9,0.175,Cheater,1000,0.0,0.0,0,0.0,0.0
9,0.175,Copycat,1000,0.09452777777777775,0.006203622216208962,0.08236867823400819,0.10668687732154732,0.11018518518518519
9,0.175,Copykitten,1000,0.3458611111111106,0.011631193688141236,0.3230639714823538,0.36865825073986747,0.362962962962963
9,0.175,Copy3kitten,1000,0.30177777777777787,0.009459770223677935,0.2832366281393691,0.3203189274161866,0.3453703703703704
9,0.175,NegtiveCopycat,1000,0.053611111111111026,0.0028091735921950394,0.04810513087040875,0.059117091351813304,0.03148148148148148
9,0.175,NegtiveCopykitten,1000,0.0018333333333333333,0.001296309404576481,0,0.004374099766303236,0.0
9,0.175,Grudger,1000,0.0,0.0,0,0.0,0.0
9,0.2,Random,1000,0.1384722222222221,0.009173559649062387,0.12049204531005983,0.15645239913438438,0.15462962962962964
9,0.2,Cooperator,1000,0.07855555555555552,0.005472238101022162,0.06782996887755208,0.08928114223355896,0.07222222222222223
9,0.2,Cheater,1000,0.0,0.0,0,0.0,0.0
9,0.2,Copycat,1000,0.09719444444444444,0.006901742753429415,0.0836670286477228,0.11072186024116609,0.14259259259259258
9,0.2,Copykitten,1000,0.3398055555555553,0.011470211695638466,0.3173239406321039,0.3622871704790067,0.31203703703703706
9,0.2,Copy3kitten,1000,0.28799999999999976,0.009338192749088411,0.2696971422117865,0.30630285778821303,0.24537037037037038
9,0.2,NegtiveCopycat,1000,0.057111111111111015,0.0030843583372838854,0.0510657687700346,0.06315645345218743,0.07314814814814814
9,0.2,NegtiveCopykitten,1000,0.0008611111111111112,0.0008611111111110993,0,0.0025488888888888657,0.0
9,0.2,Grudger,1000,0.0,0.0,0,0.0,0.0
9,0.225,Random,1000,0.1389722222222223,0.008647499500538234,0.12202312320116737,0.15592132124327723,0.1111111111111111
9,0.225,Cooperator,1000,0.08102777777777773,0.005433831590521455,0.07037746786035567,0.09167808769519978,0.11296296296296296
9,0.225,Cheater,1000,0.0,0.0,0,0.0,0.0
9,0.225,Copycat,1000,0.0838611111111111,0.006051100112527571,0.07200095489055705,0.09572126733166514,0.1685185185185185
9,0.225,Copykitten,1000,0.33258333333333356,0.010754706519632933,0.311504108554853,0.35366255811181413,0.32222222222222224
9,0.225,Copy3kitten,1000,0.30261111111111066,0.009379300444723406,0.2842276822394528,0.32099453998276856,0.23796296296296296
9,0.225,NegtiveCopycat,1000,0.059500000000000046,0.003421858184440474,0.05279315795849672,0.06620684204150337,0.047222222222222214
9,0.225,NegtiveCopykitten,1000,0.0014444444444444444,0.0010238870254755809,0,0.003451263014376583,0.0
9,0.225,Grudger,1000,0.0,0.0,0,0.0,0.0
9,0.25,Random,1000,0.17347222222222242,0.009278882068244409,0.15528561336846336,0.19165883107598147,0.1148148148148148
9,0.25,Cooperator,1000,0.06205555555555557,0.004830097853809603,0.05258856376208875,0.0715225473490224,0.06111111111111111
9,0.25,Cheater,1000,0.0,0.0,0,0.0,0.0
9,0.25,Copycat,1000,0.06913888888888887,0.005346116041420444,0.05866050144770481,0.07961727633007294,0.07407407407407408
9,0.25,Copykitten,1000,0.30869444444444455,0.010064587353875403,0.2889678532308488,0.3284210356580403,0.2796296296296296
9,0.25,Copy3kitten,1000,0.31838888888888855,0.009663856136349838,0.2994477308616429,0.3373300469161342,0.4166666666666667
9,0.25,NegtiveCopycat,1000,0.06686111111111122,0.003733545837249054,0.059543361270103075,0.07417886095211937,0.053703703703703705
9,0.25,NegtiveCopykitten,1000,0.001388888888888889,0.0009823876301268196,0,0.0033143686439374553,0.0
9,0.25,Grudger,1000,0.0,0.0,0,0.0,0.0
9,0.275,Random,1000,0.19622222222222227,0.009504262078895523,0.17759386854758705,0.2148505758968575,0.2898148148148148
9,0.275,Cooperator,1000,0.0626388888888889,0.004804181473981133,0.05322269319988587,0.07205508457789192,0.02222222222222222
9,0.275,Cheater,1000,0.0,0.0,0,0.0,0.0
9,0.275,Copycat,1000,0.06727777777777778,0.00528728282586319,0.05691470343908593,0.07764085211646964,0.13240740740740742
9,0.275,Copykitten,1000,0.26691666666666664,0.009053951688119403,0.2491709213579526,0.28466241197538067,0.19629629629629627
9,0.275,Copy3kitten,1000,0.33347222222222234,0.010405857662618768,0.31307674120348955,0.3538677032409551,0.2861111111111111
9,0.275,NegtiveCopycat,1000,0.07183333333333343,0.004143533454284009,0.06371200776293677,0.07995465890373009,0.07314814814814814
9,0.275,NegtiveCopykitten,1000,0.001638888888888889,0.0011624494779510948,0,0.003917289865673034,0.0
9,0.275,Grudger,1000,0.0,0.0,0,0.0,0.0
9,0.3,Random,1000,0.18877777777777777,0.009389490556109673,0.1703743762878028,0.20718117926775273,0.17777777777777778
9,0.3,Cooperator,1000,0.06447222222222222,0.004658067397752565,0.055342410122627195,0.07360203432181725,0.12222222222222222
9,0.3,Cheater,1000,0.0,0.0,0,0.0,0.0
9,0.3,Copycat,1000,0.07066666666666668,0.005449158004002257,0.05998631697882226,0.08134701635451111,0.053703703703703705
9,0.3,Copykitten,1000,0.24666666666666676,0.0086619840821745,0.22968917786560475,0.2636441554677288,0.2953703703703704
9,0.3,Copy3kitten,1000,0.3641388888888885,0.0112317964389083,0.3421245678686282,0.3861532099091488,0.3148148148148148
9,0.3,NegtiveCopycat,1000,0.061333333333333434,0.0040500337212810615,0.053395267239622554,0.06927139942704431,0.036111111111111115
9,0.3,NegtiveCopykitten,1000,0.0029444444444444444,0.0014744693494038736,5.4484519612852354e-05,0.0058344043692760365,0.0
9,0.3,Grudger,1000,0.001,0.0010000000000000085,0,0.0029600000000000164,0.0
9,0.325,Random,1000,0.1988333333333331,0.009396506831633344,0.18041617994333176,0.21725048672333447,0.1925925925925926
9,0.325,Cooperator,1000,0.055055555555555566,0.004073512488973745,0.047071471077167026,0.0630396400339441,0.05185185185185184
9,0.325,Cheater,1000,0.0002777777777777778,0.00027777777777777827,0,0.0008222222222222231,0.0
9,0.325,Copycat,1000,0.07161111111111113,0.005618313915555373,0.060599215836622596,0.08262300638559966,0.0287037037037037
9,0.325,Copykitten,1000,0.1866666666666666,0.007522339924758991,0.17192288041413897,0.2014104529191942,0.19074074074074074
9,0.325,Copy3kitten,1000,0.4144444444444447,0.012204932614857819,0.3905227765193234,0.4383661123695661,0.4425925925925926
9,0.325,NegtiveCopycat,1000,0.06900000000000002,0.004468478559192962,0.06024178202398182,0.07775821797601823,0.09351851851851851
9,0.325,NegtiveCopykitten,1000,0.0031111111111111105,0.0015656006599430437,4.25338176227451e-05,0.006179688404599476,0.0
9,0.325,Grudger,1000,0.001,0.0010000000000000041,0,0.002960000000000008,0.0
9,0.35,Random,1000,0.1892777777777777,0.009424509865293544,0.17080573844180236,0.20774981711375307,0.2037037037037037
9,0.35,Cooperator,1000,0.05086111111111113,0.004029739415464331,0.04296282185680104,0.05875940036542122,0.06018518518518519
9,0.35,Cheater,1000,0.0,0.0,0,0.0,0.0
9,0.35,Copycat,1000,0.06894444444444443,0.005583131151264302,0.0580015073879664,0.07988738150092246,0.0037037037037037034
9,0.35,Copykitten,1000,0.14005555555555554,0.006448881023985751,0.12741574874854347,0.15269536236256762,0.2185185185185185
9,0.35,Copy3kitten,1000,0.4879444444444448,0.013046694517876196,0.4623729231894074,0.5135159656994821,0.4425925925925926
9,0.35,NegtiveCopycat,1000,0.062083333333333254,0.004468999758509448,0.05332409380665473,0.07084257286001178,0.07129629629629629
9,0.35,NegtiveCopykitten,1000,0.0008333333333333334,0.0008333333333333246,0,0.0024666666666666496,0.0
9,0.35,Grudger,1000,0.0,0.0,0,0.0,0.0
9,0.375,Random,1000,0.18322222222222218,0.009854208563556434,0.16390797343765157,0.20253647100679278,0.24537037037037035
9,0.375,Cooperator,1000,0.04886111111111113,0.0038843697426266532,0.04124774641556289,0.056474475806659374,0.016666666666666666
9,0.375,Cheater,1000,0.0,0.0,0,0.0,0.0
9,0.375,Copycat,1000,0.05880555555555555,0.0054295087451225335,0.04816371841511538,0.06944739269599572,0.05000000000000001
9,0.375,Copykitten,1000,0.09527777777777789,0.005432338109356918,0.08463039508343834,0.10592516047211745,0.05648148148148149
9,0.375,Copy3kitten,1000,0.5528888888888893,0.013689447354444342,0.5260575720741784,0.5797202057036003,0.5555555555555555
9,0.375,NegtiveCopycat,1000,0.05813888888888884,0.00468471985816995,0.048956837966875735,0.06732093981090194,0.07592592592592592
9,0.375,NegtiveCopykitten,1000,0.0008055555555555556,0.0008055555555555379,0,0.00238444444444441,0.0
9,0.375,Grudger,1000,0.002,0.0014135055705578085,0,0.004770470918293305,0.0
9,0.4,Random,1000,0.17280555555555546,0.010217747528487621,0.15277877039971974,0.1928323407113912,0.13518518518518519
9,0.4,Cooperator,1000,0.043111111111111114,0.0036303309435297337,0.03599566246179284,0.05022655976042939,0.023148148148148147
9,0.4,Cheater,1000,0.0,0.0,0,0.0,0.0
9,0.4,Copycat,1000,0.047972222222222236,0.0051552228336357985,0.03786798546829607,0.0580764589761484,0.0009259259259259259
9,0.4,Copykitten,1000,0.06611111111111122,0.004361930059188121,0.057561728195102496,0.07466049402711994,0.03796296296296296
9,0.4,Copy3kitten,1000,0.6263611111111115,0.01364878657695152,0.5996094894202865,0.6531127328019365,0.7055555555555555
9,0.4,NegtiveCopycat,1000,0.04283333333333332,0.004252238850175558,0.034498945186989226,0.051167721479677415,0.09722222222222222
9,0.4,NegtiveCopykitten,1000,0.0008055555555555556,0.0008055555555555316,0,0.0023844444444443974,0.0
9,0.4,Grudger,1000,0.0,0.0,0,0.0,0.0
9,0.425,Random,1000,0.13194444444444445,0.009335170141696016,0.11364751096672025,0.15024137792216863,0.1564814814814815
9,0.425,Cooperator,1000,0.032888888888888884,0.0031104516516703407,0.026792403651615018,0.03898537412616275,0.030555555555555558
9,0.425,Cheater,1000,0.0,0.0,0,0.0,0.0
9,0.425,Copycat,1000,0.0325,0.004301438809587198,0.024069179933209093,0.04093082006679091,0.023148148148148147
9,0.425,Copykitten,1000,0.03611111111111117,0.0032279048912989016,0.029784417524165323,0.04243780469805702,0.02777777777777778
9,0.425,Copy3kitten,1000,0.733055555555555,0.012826751713123955,0.707915122197832,0.758195988913278,0.7416666666666667
9,0.425,NegtiveCopycat,1000,0.033500000000000016,0.003985133072633102,0.025689139177639136,0.04131086082236089,0.020370370370370372
9,0.425,NegtiveCopykitten,1000,0.0,0.0,0,0.0,0.0
9,0.425,Grudger,1000,0.0,0.0,0,0.0,0.0
9,0.45,Random,1000,0.10313888888888892,0.00885942832128893,0.08577440937916261,0.12050336839861522,0.10648148148148148
9,0.45,Cooperator,1000,0.029416666666666667,0.0030911940467974455,0.023357926334943675,0.035475406998389664,0.00462962962962963
9,0.45,Cheater,1000,0.0004722222222222222,0.00047222222222222083,0,0.0013977777777777751,0.0
9,0.45,Copycat,1000,0.018749999999999996,0.0033756735888339764,0.012133679765885402,0.02536632023411459,0.026851851851851852
9,0.45,Copykitten,1000,0.03205555555555559,0.003912638208433788,0.024386784667025364,0.039724326444085814,0.0037037037037037034
9,0.45,Copy3kitten,1000,0.7956111111111109,0.011894183114545116,0.7722985122066025,0.8189237100156194,0.8583333333333333
9,0.45,NegtiveCopycat,1000,0.020055555555555573,0.0031974582360478356,0.013788537412901815,0.026322573698209333,0.0
9,0.45,NegtiveCopykitten,1000,0.0005,0.0005000000000000014,0,0.0014800000000000028,0.0
9,0.45,Grudger,1000,0.0,0.0,0,0.0,0.0
9,0.475,Random,1000,0.05350000000000001,0.006652872644062988,0.040460369617636556,0.06653963038236346,0.025925925925925925
9,0.475,Cooperator,1000,0.010222222222222225,0.0017822627222237161,0.006728987286663741,0.013715457157780709,0.00462962962962963
9,0.475,Cheater,1000,0.0015,0.0007252956856409549,7.842045614372853e-05,0.0029215795438562713,0.006481481481481481
9,0.475,Copycat,1000,0.007611111111111111,0.0025060209999844905,0.0026993099511415097,0.012522912271080712,0.0
9,0.475,Copykitten,1000,0.0320277777777778,0.0050995713852733885,0.02203261786264196,0.04202293769291364,0.014814814814814814
9,0.475,Copy3kitten,1000,0.8763888888888886,0.00999270223338444,0.8568031925114551,0.895974585266322,0.8777777777777779
9,0.475,NegtiveCopycat,1000,0.014749999999999997,0.0029381782415355954,0.00899117064659023,0.020508829353409766,0.054629629629629625
9,0.475,NegtiveCopykitten,1000,0.003,0.0012311229881535313,0.0005869989432190788,0.005413001056780921,0.01574074074074074
9,0.475,Grudger,1000,0.001,0.001000000000000003,0,0.002960000000000006,0.0
9,0.5,Random,1000,0.023527777777777783,0.00432047440228378,0.015059647949301576,0.03199590760625399,0.03796296296296296
9,0.5,Cooperator,1000,0.00775,0.0015650339535358772,0.004682533451069681,0.01081746654893032,0.006481481481481481
9,0.5,Cheater,1000,0.006944444444444445,0.0015241144237321898,0.003957180173929353,0.009931708714959537,0.0
9,0.5,Copycat,1000,0.008166666666666664,0.0025951480565491424,0.003080176475830345,0.013253156857502984,0.09259259259259259
9,0.5,Copykitten,1000,0.061611111111111116,0.00734365689425451,0.047217543598372276,0.07600467862384996,0.10462962962962963
9,0.5,Copy3kitten,1000,0.8685,0.01039443068431254,0.8481269158587474,0.8888730841412527,0.7583333333333333
9,0.5,NegtiveCopycat,1000,0.015555555555555555,0.002785607916293148,0.010095764039620985,0.021015347071490123,0.0
9,0.5,NegtiveCopykitten,1000,0.007583333333333335,0.0016201549024957257,0.0044078297244417135,0.010758836942224957,0.0
9,0.5,Grudger,1000,0.0003611111111111111,0.00036111111111110497,0,0.0010688888888888768,0.0
10,0.0,Random,1000,0.0017777777777777776,0.0012570639758855103,0,0.004241623170513378,0.0
10,0.0,Cooperator,1000,0.19766666666666655,0.0074961599927468895,0.18297419308088264,0.21235914025245045,0.24166666666666667
10,0.0,Cheater,1000,0.0,0.0,0,0.0,0.0
10,0.0,Copycat,1000,0.13999999999999982,0.0068711458100893545,0.12653255421222467,0.15346744578777496,0.08240740740740742
10,0.0,Copykitten,1000,0.16997222222222205,0.007439912362979059,0.1553899939907831,0.184554450453661,0.1990740740740741
10,0.0,Copy3kitten,1000,0.33238888888888873,0.009217910846509705,0.31432178362972973,0.35045599414804773,0.2916666666666667
10,0.0,NegtiveCopycat,1000,0.0002222222222222222,0.00016189934089355185,0,0.0005395449303735838,0.0
10,0.0,NegtiveCopykitten,1000,0.0,0.0,0,0.0,0.0
10,0.0,Grudger,1000,0.15797222222222204,0.007067453046565264,0.14412001425095414,0.17182443019348995,0.18518518518518517
10,0.025,Random,1000,0.03480555555555555,0.005475100824994761,0.024074357938565816,0.04553675317254528,0.029629629629629627
10,0.025,Cooperator,1000,0.14311111111111116,0.006893618699122587,0.1295996184608309,0.15662260376139142,0.12037037037037038
10,0.025,Cheater,1000,0.0,0.0,0,0.0,0.0
10,0.025,Copycat,1000,0.11097222222222224,0.004732994820886915,0.10169555237328388,0.12024889207116059,0.08888888888888888
10,0.025,Copykitten,1000,0.3293055555555558,0.009516852918425946,0.31065252383544095,0.34795858727567064,0.36018518518518516
10,0.025,Copy3kitten,1000,0.37025000000000025,0.009614585176620418,0.3514054130538242,0.38909458694617627,0.38703703703703696
10,0.025,NegtiveCopycat,1000,0.0078611111111111,0.0008668646875292832,0.006162056323553705,0.009560165898668494,0.007407407407407407
10,0.025,NegtiveCopykitten,1000,0.00363888888888889,0.001447794074361358,0.000801212503140628,0.006476565274637152,0.006481481481481481
10,0.025,Grudger,1000,5.555555555555555e-05,5.5555555555555545e-05,0,0.0001644444444444444,0.0
10,0.05,Random,1000,0.07838888888888884,0.00793978184932232,0.06282691646421709,0.09395086131356059,0.15185185185185185
10,0.05,Cooperator,1000,0.10344444444444444,0.005882509035652153,0.09191472673456622,0.11497416215432266,0.10277777777777777
10,0.05,Cheater,1000,0.0,0.0,0,0.0,0.0
10,0.05,Copycat,1000,0.12122222222222209,0.005426534293168036,0.11058621500761275,0.13185822943683145,0.12500000000000003
10,0.05,Copykitten,1000,0.375527777777777,0.010470406515107448,0.35500578100816643,0.3960497745473876,0.43148148148148147
10,0.05,Copy3kitten,1000,0.2917499999999993,0.009145784100744726,0.2738242631625396,0.30967573683745897,0.16944444444444443
10,0.05,NegtiveCopycat,1000,0.018805555555555555,0.001359996161279326,0.016139963079448077,0.021471148031663032,0.01944444444444444
10,0.05,NegtiveCopykitten,1000,0.010861111111111111,0.0028274011263398967,0.005319404903484914,0.016402817318737307,0.0
10,0.05,Grudger,1000,0.0,0.0,0,0.0,0.0
10,0.075,Random,1000,0.11466666666666665,0.009308246124541966,0.0964225042625644,0.1329108290707689,0.11481481481481483
10,0.075,Cooperator,1000,0.08011111111111112,0.005299293784399864,0.06972449529368739,0.09049772692853485,0.10648148148148148
10,0.075,Cheater,1000,0.0,0.0,0,0.0,0.0
10,0.075,Copycat,1000,0.11441666666666664,0.006066792551829071,0.10252575326508166,0.12630758006825163,0.09814814814814815
10,0.075,Copykitten,1000,0.3725277777777778,0.01069362483444012,0.3515682731022752,0.3934872824532804,0.48611111111111105
10,0.075,Copy3kitten,1000,0.2754444444444445,0.009088555922826364,0.2576308748357048,0.2932580140531842,0.1453703703703704
10,0.075,NegtiveCopycat,1000,0.03658333333333334,0.001813182985786953,0.033029494681190916,0.04013717198547577,0.049074074074074076
10,0.075,NegtiveCopykitten,1000,0.00625,0.002113698189157959,0.002107151549250401,0.0103928484507496,0.0
10,0.075,Grudger,1000,0.0,0.0,0,0.0,0.0
10,0.1,Random,1000,0.12697222222222218,0.009579019837487105,0.10819734334074746,0.1457471011036969,0.11481481481481483
10,0.1,Cooperator,1000,0.07325000000000004,0.0051733765358392,0.06311018198975521,0.08338981801024486,0.05648148148148149
10,0.1,Cheater,1000,0.0,0.0,0,0.0,0.0
10,0.1,Copycat,1000,0.10905555555555564,0.006502452132510312,0.09631074937583543,0.12180036173527585,0.06481481481481481
10,0.1,Copykitten,1000,0.3823333333333333,0.011312964067630629,0.36015992376077727,0.40450674290588934,0.43055555555555564
10,0.1,Copy3kitten,1000,0.2623888888888887,0.009065161298708038,0.24462117274342096,0.28015660503435647,0.2879629629629629
10,0.1,NegtiveCopycat,1000,0.041583333333333326,0.0019827742143125942,0.03769709587328064,0.04546957079338601,0.04537037037037037
10,0.1,NegtiveCopykitten,1000,0.004416666666666666,0.0018240571365842721,0.0008415146789614927,0.00799181865437184,0.0
10,0.1,Grudger,1000,0.0,0.0,0,0.0,0.0
10,0.125,Random,1000,0.14533333333333331,0.009970132983057382,0.12579187268654085,0.16487479398012578,0.13796296296296298
10,0.125,Cooperator,1000,0.07205555555555555,0.005204333001987499,0.06185506287166005,0.08225604823945105,0.07222222222222223
10,0.125,Cheater,1000,0.0,0.0,0,0.0,0.0
10,0.125,Copycat,1000,0.09747222222222218,0.006311826944350184,0.08510104141129582,0.10984340303314855,0.08796296296296297
10,0.125,Copykitten,1000,0.344222222222222,0.011487021169958008,0.3217076607291043,0.3667367837153397,0.3833333333333334
10,0.125,Copy3kitten,1000,0.28619444444444386,0.009414251290238165,0.2677425119155771,0.30464637697331065,0.24259259259259258
10,0.125,NegtiveCopycat,1000,0.04727777777777771,0.00227776421403819,0.04281335991826286,0.051742195637292564,0.04259259259259259
10,0.125,NegtiveCopykitten,1000,0.0074444444444444445,0.002583008166934343,0.0023817484372531325,0.012507140451635756,0.03333333333333333
10,0.125,Grudger,1000,0.0,0.0,0,0.0,0.0
10,0.15,Random,1000,0.1412222222222221,0.0097198165032859,0.12217138187578175,0.16027306256866247,0.1361111111111111
10,0.15,Cooperator,1000,0.08058333333333334,0.00556730482372611,0.06967141587883016,0.09149525078783652,0.1
10,0.15,Cheater,1000,0.0,0.0,0,0.0,0.0
10,0.15,Copycat,1000,0.08963888888888878,0.006539817496362197,0.07682084659601887,0.10245693118175869,0.04074074074074074
10,0.15,Copykitten,1000,0.36247222222222186,0.011698368270164093,0.33954342041270025,0.3854010240317435,0.40740740740740744
10,0.15,Copy3kitten,1000,0.27316666666666645,0.009321133107691388,0.2548972457755913,0.2914360875577416,0.2675925925925926
10,0.15,NegtiveCopycat,1000,0.049722222222222084,0.002487611266808576,0.04484650413927728,0.05459794030516689,0.048148148148148155
10,0.15,NegtiveCopykitten,1000,0.003194444444444444,0.0016637387157148699,0,0.006455372327245589,0.0
10,0.15,Grudger,1000,0.0,0.0,0,0.0,0.0
10,0.175,Random,1000,0.14961111111111083,0.009675456106593785,0.13064721714218702,0.16857500508003465,0.16203703703703706
10,0.175,Cooperator,1000,0.06486111111111112,0.004858600015580127,0.05533825508057407,0.07438396714164816,0.07314814814814814
10,0.175,Cheater,1000,0.0,0.0,0,0.0,0.0
10,0.175,Copycat,1000,0.07494444444444438,0.005977394472240815,0.06322875127885239,0.08666013761003638,0.09537037037037037
10,0.175,Copykitten,1000,0.377138888888889,0.011812674778702834,0.3539860463226315,0.40029173145514657,0.3888888888888889
10,0.175,Copy3kitten,1000,0.28094444444444416,0.009410304708079183,0.262500247216609,0.29938864167227935,0.23981481481481481
10,0.175,NegtiveCopycat,1000,0.048777777777777635,0.0027108589346498493,0.043464494265863934,0.054091061289691336,0.040740740740740744
10,0.175,NegtiveCopykitten,1000,0.003722222222222222,0.0018593533416675476,7.788967255382886e-05,0.007366554771890615,0.0
10,0.175,Grudger,1000,0.0,0.0,0,0.0,0.0
10,0.2,Random,1000,0.16430555555555537,0.009686815861322048,0.14531939646736416,0.18329171464374658,0.15462962962962964
10,0.2,Cooperator,1000,0.06841666666666664,0.005021197835724419,0.05857511890864678,0.0782582144246865,0.08425925925925927
10,0.2,Cheater,1000,0.0,0.0,0,0.0,0.0
10,0.2,Copycat,1000,0.06291666666666665,0.005092082587378307,0.05293618479540517,0.07289714853792813,0.040740740740740744
10,0.2,Copykitten,1000,0.3498333333333334,0.011186250631504918,0.32790828209558376,0.371758384571083,0.33981481481481485
10,0.2,Copy3kitten,1000,0.293444444444444,0.009321773616892844,0.275173768155334,0.311715120733554,0.27314814814814814
10,0.2,NegtiveCopycat,1000,0.05694444444444435,0.0030313955717125715,0.05100290912388771,0.06288597976500099,0.07777777777777778
10,0.2,NegtiveCopykitten,1000,0.004138888888888889,0.0018916312683171128,0.00043129160298734787,0.00784648617479043,0.029629629629629627
10,0.2,Grudger,1000,0.0,0.0,0,0.0,0.0
10,0.225,Random,1000,0.19872222222222238,0.01002899487214704,0.17906539227281418,0.2183790521716306,0.22407407407407412
10,0.225,Cooperator,1000,0.0623333333333333,0.004715786896527568,0.05309039101613927,0.07157627565052734,0.0212962962962963
10,0.225,Cheater,1000,0.0,0.0,0,0.0,0.0
10,0.225,Copycat,1000,0.05483333333333336,0.004502708341331726,0.04600802498432317,0.06365864168234354,0.06388888888888888
10,0.225,Copykitten,1000,0.31586111111111104,0.00999841491750526,0.2962642178728007,0.33545800434942136,0.2759259259259259
10,0.225,Copy3kitten,1000,0.3037500000000002,0.009675526794487743,0.2847859674828042,0.32271403251719616,0.3138888888888889
10,0.225,NegtiveCopycat,1000,0.059805555555555556,0.0033455905540229662,0.053248198069670544,0.06636291304144057,0.07314814814814814
10,0.225,NegtiveCopykitten,1000,0.0016944444444444446,0.0011977145604510435,0,0.00404196498292849,0.02777777777777778
10,0.225,Grudger,1000,0.003,0.0017303161543469347,0,0.006391419662519993,0.0
10,0.25,Random,1000,0.24494444444444488,0.010333978372836115,0.2246898468336861,0.26519904205520367,0.17407407407407408
10,0.25,Cooperator,1000,0.055388888888888904,0.004596474875922725,0.04637979813208036,0.06439797964569745,0.05
10,0.25,Cheater,1000,0.0,0.0,0,0.0,0.0
10,0.25,Copycat,1000,0.06994444444444448,0.005111226865652789,0.05992643978776501,0.07996244910112395,0.08055555555555555
10,0.25,Copykitten,1000,0.25827777777777755,0.009164985370058,0.24031440645246388,0.2762411491030912,0.25277777777777777
10,0.25,Copy3kitten,1000,0.29822222222222206,0.01014614351262572,0.27833578093747563,0.3181086635069685,0.38518518518518524
10,0.25,NegtiveCopycat,1000,0.07238888888888897,0.0038116935084637066,0.0649179696123001,0.07985980816547784,0.0574074074074074
10,0.25,NegtiveCopykitten,1000,0.0008333333333333334,0.0008333333333333141,0,0.0024666666666666288,0.0
10,0.25,Grudger,1000,0.0,0.0,0,0.0,0.0
10,0.275,Random,1000,0.2641388888888892,0.010478601844774536,0.24360082927313112,0.2846769485046473,0.2712962962962963
10,0.275,Cooperator,1000,0.0495277777777778,0.004068981616491489,0.041552573809454485,0.05750298174610112,0.05092592592592592
10,0.275,Cheater,1000,0.0,0.0,0,0.0,0.0
10,0.275,Copycat,1000,0.0651111111111111,0.0049839136178816724,0.055342640420063025,0.07487958180215919,0.046296296296296294
10,0.275,Copykitten,1000,0.20288888888888865,0.007833683754726792,0.18753486872962413,0.21824290904815316,0.2148148148148148
10,0.275,Copy3kitten,1000,0.3333333333333333,0.011218133781422135,0.31134579112174593,0.3553208755449207,0.31944444444444453
10,0.275,NegtiveCopycat,1000,0.07886111111111123,0.0042222389604185066,0.07058552274869095,0.0871366994735315,0.09722222222222224
10,0.275,NegtiveCopykitten,1000,0.004138888888888888,0.0018503495324282576,0.0005122038053295033,0.0077655739724482725,0.0
10,0.275,Grudger,1000,0.002,0.0014135055705578145,0,0.004770470918293317,0.0
10,0.3,Random,1000,0.25663888888888875,0.01042598678441628,0.23620395479143283,0.27707382298634464,0.26296296296296295
10,0.3,Cooperator,1000,0.055805555555555546,0.0044911658880514215,0.04700287041497476,0.06460824069613633,0.08796296296296298
10,0.3,Cheater,1000,0.0,0.0,0,0.0,0.0
10,0.3,Copycat,1000,0.06783333333333337,0.0051096369003531756,0.057818445008641146,0.0778482216580256,0.041666666666666664
10,0.3,Copykitten,1000,0.16525000000000017,0.0067807363184851175,0.15195975681576934,0.178540243184231,0.13518518518518519
10,0.3,Copy3kitten,1000,0.3764444444444448,0.012131418691464498,0.3526668638091744,0.4002220250797152,0.36666666666666664
10,0.3,NegtiveCopycat,1000,0.07638888888888902,0.004366345779859461,0.06783085116036448,0.08494692661741356,0.10555555555555557
10,0.3,NegtiveCopykitten,1000,0.001638888888888889,0.0011584559814691855,0,0.003909462612568493,0.0
10,0.3,Grudger,1000,0.0,0.0,0,0.0,0.0
10,0.325,Random,1000,0.2730833333333331,0.010814513960407751,0.25188688597093395,0.2942797806957323,0.29907407407407405
10,0.325,Cooperator,1000,0.039111111111111145,0.0034853395869672496,0.03227984552065534,0.04594237670156695,0.02222222222222222
10,0.325,Cheater,1000,0.0,0.0,0,0.0,0.0
10,0.325,Copycat,1000,0.07363888888888886,0.005490892661219313,0.06287673927289901,0.08440103850487872,0.04814814814814815
10,0.325,Copykitten,1000,0.09972222222222218,0.005388282291713305,0.08916118893046411,0.11028325551398026,0.08055555555555556
10,0.325,Copy3kitten,1000,0.4360277777777781,0.013457692878606653,0.4096506997357091,0.46240485581984714,0.4305555555555556
10,0.325,NegtiveCopycat,1000,0.07627777777777776,0.004626582580856929,0.06720967591929819,0.08534587963625734,0.11944444444444445
10,0.325,NegtiveCopykitten,1000,0.002138888888888889,0.0012363614141247257,0,0.004562157260573352,0.0
10,0.325,Grudger,1000,0.0,0.0,0,0.0,0.0
10,0.35,Random,1000,0.3019999999999997,0.011351109513759765,0.27975182535303056,0.32424817464696887,0.3296296296296297
10,0.35,Cooperator,1000,0.04169444444444446,0.003660280883183414,0.03452029391340496,0.04886859497548395,0.04629629629629629
10,0.35,Cheater,1000,0.0,0.0,0,0.0,0.0
10,0.35,Copycat,1000,0.08477777777777777,0.005879190919975954,0.0732545635746249,0.09630099198093064,0.07962962962962963
10,0.35,Copykitten,1000,0.07022222222222228,0.004680667622266212,0.06104811368258051,0.07939633076186406,0.10833333333333332
10,0.35,Copy3kitten,1000,0.4291388888888893,0.014065427878871474,0.40157065024630123,0.45670712753147735,0.3796296296296296
10,0.35,NegtiveCopycat,1000,0.07066666666666663,0.004664041610914896,0.061525145109273434,0.07980818822405983,0.05648148148148149
10,0.35,NegtiveCopykitten,1000,0.0015,0.0010601291779183967,0,0.0035778531887200576,0.0
10,0.35,Grudger,1000,0.0,0.0,0,0.0,0.0
10,0.375,Random,1000,0.3032499999999996,0.01173263464327018,0.28025403609919003,0.3262459639008091,0.2351851851851852
10,0.375,Cooperator,1000,0.038722222222222234,0.003402723329470226,0.03205288449646059,0.04539155994798388,0.04537037037037037
10,0.375,Cheater,1000,0.0,0.0,0,0.0,0.0
10,0.375,Copycat,1000,0.06886111111111111,0.00563037422580105,0.05782557762854105,0.07989664459368116,0.026851851851851852
10,0.375,Copykitten,1000,0.04088888888888897,0.0036572427876097476,0.03372069302517386,0.048057084752604076,0.025925925925925925
10,0.375,Copy3kitten,1000,0.4704722222222229,0.014595606478928842,0.44186483352352235,0.49907961092092346,0.5472222222222223
10,0.375,NegtiveCopycat,1000,0.07699999999999996,0.00513883184955128,0.06692788957487945,0.08707211042512046,0.11944444444444442
10,0.375,NegtiveCopykitten,1000,0.0008055555555555556,0.0007782458630879451,0,0.002330917447207928,0.0
10,0.375,Grudger,1000,0.0,0.0,0,0.0,0.0
10,0.4,Random,1000,0.2789444444444443,0.011812091689365657,0.2557927447332876,0.30209614415560093,0.27222222222222225
10,0.4,Cooperator,1000,0.03713888888888888,0.003514238721764143,0.03025098099423116,0.0440267967835466,0.020370370370370372
10,0.4,Cheater,1000,0.0,0.0,0,0.0,0.0
10,0.4,Copycat,1000,0.0648611111111112,0.00559509170551907,0.05389473136829383,0.07582749085392858,0.05648148148148149
10,0.4,Copykitten,1000,0.0320277777777778,0.00359938066746735,0.024972991669541793,0.039082563886013805,0.05092592592592592
10,0.4,Copy3kitten,1000,0.5143611111111115,0.01496611385895978,0.48502752794755033,0.5436946942746727,0.4916666666666666
10,0.4,NegtiveCopycat,1000,0.06858333333333327,0.005111329848723519,0.058565126829835175,0.07860153983683137,0.10833333333333334
10,0.4,NegtiveCopykitten,1000,0.0020833333333333333,0.001050722049577075,2.391811616226638e-05,0.004142748550504401,0.0
10,0.4,Grudger,1000,0.002,0.0014135055705578109,0,0.004770470918293309,0.0
10,0.425,Random,1000,0.21988888888888886,0.0120175448552237,0.1963345009726504,0.2434432768051273,0.16666666666666666
10,0.425,Cooperator,1000,0.03763888888888889,0.0034440352968632343,0.03088857970703695,0.04438919807074083,0.00462962962962963
10,0.425,Cheater,1000,0.0,0.0,0,0.0,0.0
10,0.425,Copycat,1000,0.03358333333333333,0.004266300250823429,0.025221384841719412,0.04194528182494725,0.01388888888888889
10,0.425,Copykitten,1000,0.02036111111111111,0.002837979462557648,0.014798671364498122,0.0259235508577241,0.00462962962962963
10,0.425,Copy3kitten,1000,0.6553888888888888,0.014202965440841351,0.6275510766248398,0.6832267011529378,0.6907407407407408
10,0.425,NegtiveCopycat,1000,0.03155555555555555,0.0038158189231541216,0.024076550466173473,0.03903456064493763,0.06666666666666667
10,0.425,NegtiveCopykitten,1000,0.0015833333333333335,0.0011571991804683606,0,0.0038514437270513206,0.052777777777777785
10,0.425,Grudger,1000,0.0,0.0,0,0.0,0.0
10,0.45,Random,1000,0.19055555555555556,0.01144424683412658,0.16812483176066748,0.21298627935044365,0.1925925925925926
10,0.45,Cooperator,1000,0.03116666666666667,0.003180066947212238,0.02493373545013068,0.03739959788320266,0.03611111111111111
10,0.45,Cheater,1000,0.0,0.0,0,0.0,0.0
10,0.45,Copycat,1000,0.031111111111111103,0.0043896423907127755,0.02250741202531406,0.039714810196908146,0.041666666666666664
10,0.45,Copykitten,1000,0.013472222222222224,0.002465135074218874,0.00864055747675323,0.018303886967691217,0.012037037037037037
10,0.45,Copy3kitten,1000,0.7020000000000003,0.013811205730301573,0.6749300367686092,0.7290699632313914,0.7175925925925927
10,0.45,NegtiveCopycat,1000,0.03122222222222223,0.003956838403371751,0.0234668189516136,0.03897762549283086,0.0
10,0.45,NegtiveCopykitten,1000,0.0004722222222222222,0.00047222222222221904,0,0.0013977777777777714,0.0
10,0.45,Grudger,1000,0.0,0.0,0,0.0,0.0
10,0.475,Random,1000,0.113,0.009571212145234842,0.0942404241953397,0.1317595758046603,0.16018518518518518
10,0.475,Cooperator,1000,0.024333333333333335,0.00299307769187921,0.018466901057250084,0.030199765609416587,0.03425925925925925
10,0.475,Cheater,1000,0.0,0.0,0,0.0,0.0
10,0.475,Copycat,1000,0.008999999999999998,0.0025235430458131645,0.004053855630206195,0.0139461443697938,0.0027777777777777775
10,0.475,Copykitten,1000,0.019666666666666676,0.0038074329841304606,0.012204098017770972,0.02712923531556238,0.0
10,0.475,Copy3kitten,1000,0.8177222222222222,0.011659267903012024,0.7948700571323186,0.8405743873121259,0.7648148148148147
10,0.475,NegtiveCopycat,1000,0.016194444444444442,0.0030853907610697145,0.010147078552747803,0.02224181033614108,0.03796296296296296
10,0.475,NegtiveCopykitten,1000,0.0,0.0,0,0.0,0.0
10,0.475,Grudger,1000,8.333333333333333e-05,8.333333333333404e-05,0,0.00024666666666666804,0.0
10,0.5,Random,1000,0.0784722222222222,0.008142078029492324,0.06251374928441725,0.09443069516002714,0.07777777777777777
10,0.5,Cooperator,1000,0.017,0.002461949836911525,0.012174578319653413,0.02182542168034659,0.019444444444444445
10,0.5,Cheater,1000,0.0007777777777777778,0.0004508903053954524,0,0.0016615227763528645,0.0
10,0.5,Copycat,1000,0.006361111111111111,0.002136267057136973,0.002174027679122644,0.010548194543099578,0.0
10,0.5,Copykitten,1000,0.03211111111111111,0.00527248943325983,0.021777031821921845,0.04244519040030038,0.0009259259259259259
10,0.5,Copy3kitten,1000,0.8463055555555555,0.011051129355036615,0.8246453420196838,0.8679657690914273,0.8805555555555554
10,0.5,NegtiveCopycat,1000,0.017722222222222223,0.0032844725576878287,0.011284656009154077,0.024159788435290368,0.021296296296296296
10,0.5,NegtiveCopykitten,1000,0.00125,0.0007503624148571085,0,0.0027207103331199326,0.0
10,0.5,Grudger,1000,0.0,0.0,0,0.0,0.0
100,0.0,Random,1000,0.0,0.0,0,0.0,0.0
100,0.0,Cooperator,1000,0.1459166666666666,0.00674227409391578,0.1327018094425917,0.15913152389074153,0.11666666666666667
100,0.0,Cheater,1000,0.0,0.0,0,0.0,0.0
100,0.0,Copycat,1000,0.12994444444444433,0.006103441816057703,0.11798169848497124,0.14190719040391744,0.15462962962962962
100,0.0,Copykitten,1000,0.15024999999999977,0.0069160368247760525,0.1366945678234387,0.16380543217656085,0.17777777777777776
100,0.0,Copy3kitten,1000,0.3790000000000002,0.009040426403465182,0.36128076424920846,0.396719235750792,0.32037037037037036
100,0.0,NegtiveCopycat,1000,0.0,0.0,0,0.0,0.0
100,0.0,NegtiveCopykitten,1000,0.0,0.0,0,0.0,0.0
100,0.0,Grudger,1000,0.19488888888888886,0.007431025909791867,0.1803240781056968,0.2094536996720809,0.23055555555555557
100,0.025,Random,1000,0.7296388888888885,0.013243359971797219,0.7036819033441659,0.7555958744336111,0.7435185185185184
100,0.025,Cooperator,1000,8.333333333333333e-05,6.208812432418646e-05,0,0.0002050260570087388,0.0018518518518518517
100,0.025,Cheater,1000,0.0,0.0,0,0.0,0.0
100,0.025,Copycat,1000,0.015388888888888926,0.0008249419947649781,0.013772002579149569,0.01700577519862828,0.016666666666666666
100,0.025,Copykitten,1000,0.21752777777777782,0.012438147586588547,0.19314900850806427,0.24190654704749137,0.19074074074074074
100,0.025,Copy3kitten,1000,0.029333333333333343,0.0035833877585774,0.02230989332652164,0.036356773340145046,0.040740740740740744
100,0.025,NegtiveCopycat,1000,0.008027777777777757,0.0005732628784935556,0.006904182535930388,0.009151373019625125,0.00648148148148148
100,0.025,NegtiveCopykitten,1000,0.0,0.0,0,0.0,0.0
100,0.025,Grudger,1000,0.0,0.0,0,0.0,0.0
100,0.05,Random,1000,0.8109166666666681,0.010544652733748551,0.7902491473085209,0.8315841860248152,0.8805555555555553
100,0.05,Cooperator,1000,0.0005,0.0003284548278408337,0,0.001143771462568034,0.0
100,0.05,Cheater,1000,0.0,0.0,0,0.0,0.0
100,0.05,Copycat,1000,0.023777777777777884,0.0009893462318421547,0.02183865916336726,0.025716896392188507,0.03796296296296296
100,0.05,Copykitten,1000,0.10449999999999998,0.008686726746435945,0.08747401557698553,0.12152598442301443,0.039814814814814824
100,0.05,Copy3kitten,1000,0.03894444444444445,0.004365717409641514,0.030387638321547082,0.047501250567341814,0.026851851851851852
100,0.05,NegtiveCopycat,1000,0.021361111111111202,0.0009140204741987035,0.019569630981681744,0.02315259124054066,0.014814814814814814
100,0.05,NegtiveCopykitten,1000,0.0,0.0,0,0.0,0.0
100,0.05,Grudger,1000,0.0,0.0,0,0.0,0.0
100,0.075,Random,1000,0.8996666666666658,0.004878168193080428,0.8901054570082282,0.9092278763251035,0.8981481481481483
100,0.075,Cooperator,1000,0.0002222222222222222,0.00022222222222222185,0,0.000657777777777777,0.0
100,0.075,Cheater,1000,0.0,0.0,0,0.0,0.0
100,0.075,Copycat,1000,0.03586111111111117,0.001289341836561317,0.03333400111145099,0.03838822111077135,0.025
100,0.075,Copykitten,1000,0.011444444444444445,0.002590484867049864,0.0063670941050267115,0.016521794783862176,0.014814814814814814
100,0.075,Copy3kitten,1000,0.01633333333333333,0.003391980280246307,0.00968505198405057,0.022981614682616093,0.01851851851851852
100,0.075,NegtiveCopycat,1000,0.03647222222222235,0.0012456845390031337,0.03403068052577621,0.03891376391866849,0.04351851851851851
100,0.075,NegtiveCopykitten,1000,0.0,0.0,0,0.0,0.0
100,0.075,Grudger,1000,0.0,0.0,0,0.0,0.0
100,0.1,Random,1000,0.9185277777777765,0.002338882389902654,0.9139435682935673,0.9231119872619857,0.9324074074074074
100,0.1,Cooperator,1000,0.00019444444444444446,0.00019444444444444254,0,0.0005755555555555518,0.0
100,0.1,Cheater,1000,0.0,0.0,0,0.0,0.0
100,0.1,Copycat,1000,0.043111111111111315,0.001464095514110978,0.0402414839034538,0.04598073831876883,0.03611111111111111
100,0.1,Copykitten,1000,0.00041666666666666664,0.00026185453250087847,0,0.0009299015503683885,0.0
100,0.1,Copy3kitten,1000,0.004388888888888889,0.001966943257788483,0.0005336801036234626,0.008244097674154316,0.0
100,0.1,NegtiveCopycat,1000,0.03336111111111103,0.001406324493818996,0.030604715103225797,0.036117507118996264,0.03148148148148148
100,0.1,NegtiveCopykitten,1000,0.0,0.0,0,0.0,0.0
100,0.1,Grudger,1000,0.0,0.0,0,0.0,0.0
100,0.125,Random,1000,0.9686666666666676,0.0018538561059245559,0.9650331086990555,0.9723002246342797,0.9314814814814815
100,0.125,Cooperator,1000,0.0,0.0,0,0.0,0.0
100,0.125,Cheater,1000,0.0,0.0,0,0.0,0.0
100,0.125,Copycat,1000,0.017833333333333326,0.0013052730320915822,0.015274998190433825,0.020391668476232826,0.023148148148148147
100,0.125,Copykitten,1000,0.0,0.0,0,0.0,0.0
100,0.125,Copy3kitten,1000,0.001,0.0010000000000000145,0,0.0029600000000000286,0.03333333333333333
100,0.125,NegtiveCopycat,1000,0.012499999999999999,0.0011101027011134455,0.010324198705817645,0.014675801294182353,0.012037037037037037
100,0.125,NegtiveCopykitten,1000,0.0,0.0,0,0.0,0.0
100,0.125,Grudger,1000,0.0,0.0,0,0.0,0.0
100,0.15,Random,1000,0.991583333333333,0.001378755996442941,0.9888809715803049,0.9942856950863612,0.9935185185185186
100,0.15,Cooperator,1000,0.0,0.0,0,0.0,0.0
100,0.15,Cheater,1000,0.0,0.0,0,0.0,0.0
100,0.15,Copycat,1000,0.0038888888888888883,0.0007054926946215523,0.002506123207430646,0.005271654570347131,0.0027777777777777775
100,0.15,Copykitten,1000,0.0,0.0,0,0.0,0.0
100,0.15,Copy3kitten,1000,0.001,0.0010000000000000009,0,0.0029600000000000017,0.0
100,0.15,NegtiveCopycat,1000,0.0035277777777777772,0.0006640239532777182,0.0022262908293534493,0.004829264726202105,0.0037037037037037034
100,0.15,NegtiveCopykitten,1000,0.0,0.0,0,0.0,0.0
100,0.15,Grudger,1000,0.0,0.0,0,0.0,0.0
100,0.175,Random,1000,0.9936944444444443,0.0013332681624046048,0.9910812388461313,0.9963076500427573,0.9944444444444444
100,0.175,Cooperator,1000,0.0,0.0,0,0.0,0.0
100,0.175,Cheater,1000,0.0,0.0,0,0.0,0.0
100,0.175,Copycat,1000,0.0031666666666666657,0.0006880918426810535,0.001818006655011801,0.004515326678321531,0.0
100,0.175,Copykitten,1000,0.0,0.0,0,0.0,0.0
100,0.175,Copy3kitten,1000,0.0,0.0,0,0.0,0.0
100,0.175,NegtiveCopycat,1000,0.002138888888888889,0.000572987956168328,0.0010158324947989663,0.003261945282978812,0.005555555555555555
100,0.175,NegtiveCopykitten,1000,0.0,0.0,0,0.0,0.0
100,0.175,Grudger,1000,0.001,0.0010000000000000052,0,0.0029600000000000104,0.0
100,0.2,Random,1000,0.9928611111111111,0.0019042777240185814,0.9891287267720347,0.9965934954501875,0.9953703703703703
100,0.2,Cooperator,1000,0.0,0.0,0,0.0,0.0
100,0.2,Cheater,1000,0.0,0.0,0,0.0,0.0
100,0.2,Copycat,1000,0.003,0.000689959379369352,0.0016476796164360701,0.00435232038356393,0.0
100,0.2,Copykitten,1000,0.002,0.001413505570557823,0,0.004770470918293333,0.0
100,0.2,Copy3kitten,1000,0.0,0.0,0,0.0,0.0
100,0.2,NegtiveCopycat,1000,0.001138888888888889,0.00043351363998305717,0.00028920215452209685,0.001988575623255681,0.00462962962962963
100,0.2,NegtiveCopykitten,1000,0.0,0.0,0,0.0,0.0
100,0.2,Grudger,1000,0.001,0.0010000000000000098,0,0.002960000000000019,0.0
100,0.225,Random,1000,0.859611111111111,0.010828454993040455,0.8383873393247517,0.8808348828974703,0.8
100,0.225,Cooperator,1000,0.0,0.0,0,0.0,0.0
100,0.225,Cheater,1000,0.011,0.003299983316607817,0.004532032699448678,0.01746796730055132,0.1
100,0.225,Copycat,1000,0.0030833333333333333,0.0007705259389327873,0.0015731024930250703,0.004593564173641596,0.0
100,0.225,Copykitten,1000,0.054,0.007150883521295432,0.039984268298260954,0.06801573170173905,0.03333333333333333
100,0.225,Copy3kitten,1000,0.014,0.0037172325482565855,0.006714224205417093,0.021285775794582906,0.03333333333333333
100,0.225,NegtiveCopycat,1000,0.0013055555555555557,0.0004930896749588353,0.0003390997926362385,0.0022720113184748728,0.0
100,0.225,NegtiveCopykitten,1000,0.0,0.0,0,0.0,0.0
100,0.225,Grudger,1000,0.057,0.007335175853706822,0.04262305532673463,0.07137694467326537,0.03333333333333333
100,0.25,Random,1000,0.715888888888889,0.0142102738361997,0.6880367521699376,0.7437410256078404,0.6
100,0.25,Cooperator,1000,0.0,0.0,0,0.0,0.0
100,0.25,Cheater,1000,0.026944444444444444,0.005117828092717557,0.016913501382718032,0.036975387506170854,0.03333333333333333
100,0.25,Copycat,1000,0.0012222222222222222,0.0005002995926426977,0.0002416350206425348,0.0022028094238019094,0.0
100,0.25,Copykitten,1000,0.101,0.00953361892934099,0.08231410689849167,0.11968589310150834,0.16666666666666666
100,0.25,Copy3kitten,1000,0.054,0.007150883521295436,0.03998426829826095,0.06801573170173905,0.03333333333333333
100,0.25,NegtiveCopycat,1000,0.0009444444444444444,0.00044712999661826686,6.806965107264136e-05,0.0018208192378162474,0.0
100,0.25,NegtiveCopykitten,1000,0.0,0.0,0,0.0,0.0
100,0.25,Grudger,1000,0.1,0.009491579957525052,0.0813965032832509,0.11860349671674911,0.16666666666666666
100,0.275,Random,1000,0.5786388888888888,0.015591017873313644,0.548080493857194,0.6091972839205836,0.4666666666666667
100,0.275,Cooperator,1000,0.0,0.0,0,0.0,0.0
100,0.275,Cheater,1000,0.050972222222222224,0.0069566834091517125,0.03733712274028487,0.06460732170415959,0.06666666666666667
100,0.275,Copycat,1000,0.0,0.0,0,0.0,0.0
100,0.275,Copykitten,1000,0.076,0.00838416926679641,0.05956702823707903,0.09243297176292097,0.06666666666666667
100,0.275,Copy3kitten,1000,0.18436111111111111,0.012228755767531749,0.1603927498067489,0.20832947241547334,0.26666666666666666
100,0.275,NegtiveCopycat,1000,2.7777777777777776e-05,2.7777777777777603e-05,0,8.222222222222188e-05,0.0
100,0.275,NegtiveCopykitten,1000,0.0,0.0,0,0.0,0.0
100,0.275,Grudger,1000,0.11,0.009899393819724434,0.09059718811334011,0.1294028118866599,0.13333333333333333
100,0.3,Random,1000,0.6645833333333334,0.014905860101827467,0.6353678475337515,0.6937988191329153,0.6666666666666666
100,0.3,Cooperator,1000,0.0,0.0,0,0.0,0.0
100,0.3,Cheater,1000,0.036,0.005893957816165555,0.02444784268031551,0.047552157319684485,0.06666666666666667
100,0.3,Copycat,1000,0.0,0.0,0,0.0,0.0
100,0.3,Copykitten,1000,0.039,0.006125072776426109,0.026994857358204827,0.051005142641795176,0.03333333333333333
100,0.3,Copy3kitten,1000,0.18316666666666673,0.012206690645149634,0.15924155300217344,0.20709178033116002,0.16666666666666666
100,0.3,NegtiveCopycat,1000,0.00025,0.00025000000000000136,0,0.0007400000000000027,0.0
100,0.3,NegtiveCopykitten,1000,0.0,0.0,0,0.0,0.0
100,0.3,Grudger,1000,0.077,0.008434580140240648,0.06046822292512833,0.09353177707487167,0.06666666666666667
100,0.325,Random,1000,0.772,0.013273740700804483,0.7459834682264233,0.7980165317735768,0.7
100,0.325,Cooperator,1000,0.0,0.0,0,0.0,0.0
100,0.325,Cheater,1000,0.020833333333333332,0.004501179351439568,0.01201102180451178,0.029655644862154884,0.03148148148148148
100,0.325,Copycat,1000,0.0,0.0,0,0.0,0.0
100,0.325,Copykitten,1000,0.007,0.00263779414624378,0.0018299234733621921,0.012170076526637808,0.03333333333333333
100,0.325,Copy3kitten,1000,0.161,0.011628164696727195,0.1382087971944147,0.1837912028055853,0.16666666666666666
100,0.325,NegtiveCopycat,1000,0.0,0.0,0,0.0,0.0
100,0.325,NegtiveCopykitten,1000,0.00016666666666666666,8.772666397686978e-05,0,0.0003386109280613314,0.0018518518518518517
100,0.325,Grudger,1000,0.039,0.006125072776426116,0.026994857358204814,0.05100514264179519,0.06666666666666667
100,0.35,Random,1000,0.766,0.01339490288966001,0.7397459903362664,0.7922540096637336,0.6666666666666666
100,0.35,Cooperator,1000,0.0,0.0,0,0.0,0.0
100,0.35,Cheater,1000,0.017833333333333333,0.004169662660694281,0.009660794518372543,0.026005872148294123,0.03333333333333333
100,0.35,Copycat,1000,0.0,0.0,0,0.0,0.0
100,0.35,Copykitten,1000,0.001,0.0010000000000000057,0,0.0029600000000000112,0.0
100,0.35,Copy3kitten,1000,0.196,0.012559527926707371,0.17138332526365357,0.22061667473634644,0.26666666666666666
100,0.35,NegtiveCopycat,1000,0.0,0.0,0,0.0,0.0
100,0.35,NegtiveCopykitten,1000,0.0001666666666666667,0.00014161216269059187,0,0.00044422650554022674,0.0
100,0.35,Grudger,1000,0.019,0.004319451082910623,0.010533875877495179,0.02746612412250482,0.03333333333333333
100,0.375,Random,1000,0.487,0.01581395210189663,0.4560046538802826,0.5179953461197174,0.4
100,0.375,Cooperator,1000,0.0,0.0,0,0.0,0.0
100,0.375,Cheater,1000,0.014944444444444442,0.0038316807612937664,0.007434350152308661,0.022454538736580223,0.03333333333333333
100,0.375,Copycat,1000,0.0,0.0,0,0.0,0.0
100,0.375,Copykitten,1000,0.005,0.002231586874844885,0.000626089725304025,0.009373910274695975,0.0
100,0.375,Copy3kitten,1000,0.455,0.01575510149834709,0.4241200010632397,0.4858799989367603,0.5
100,0.375,NegtiveCopycat,1000,2.7777777777777776e-05,2.777777777777772e-05,0,8.222222222222211e-05,0.0
100,0.375,NegtiveCopykitten,1000,0.0010277777777777776,0.0010003579328278203,0,0.0029884793261203053,0.0
100,0.375,Grudger,1000,0.037,0.005972157622389623,0.025294571060116337,0.04870542893988366,0.06666666666666667
100,0.4,Random,1000,0.255,0.013790038620872826,0.22797152430308926,0.28202847569691075,0.26666666666666666
100,0.4,Cooperator,1000,0.0,0.0,0,0.0,0.0
100,0.4,Cheater,1000,0.02369444444444444,0.004783026835582965,0.01431971184670183,0.03306917704218705,0.03333333333333333
100,0.4,Copycat,1000,0.0,0.0,0,0.0,0.0
100,0.4,Copykitten,1000,0.009,0.0029879638431426553,0.0031435908674403955,0.014856409132559603,0.0
100,0.4,Copy3kitten,1000,0.64,0.01518652793204012,0.6102344052532014,0.6697655947467986,0.6
100,0.4,NegtiveCopycat,1000,0.0,0.0,0,0.0,0.0
100,0.4,NegtiveCopykitten,1000,0.0003055555555555556,0.00016413332504511442,0,0.0006272568726439799,0.0
100,0.4,Grudger,1000,0.072,0.008178195576218681,0.05597073667061138,0.08802926332938861,0.1
100,0.425,Random,1000,0.023,0.004742730594656806,0.01370424803447266,0.032295751965527336,0.1
100,0.425,Cooperator,1000,0.0,0.0,0,0.0,0.0
100,0.425,Cheater,1000,0.027916666666666666,0.00504378551626277,0.01803084705479164,0.03780248627854169,0.0
100,0.425,Copycat,1000,0.0,0.0,0,0.0,0.0
100,0.425,Copykitten,1000,0.015,0.003845749574503009,0.007462330833974102,0.022537669166025898,0.03333333333333333
100,0.425,Copy3kitten,1000,0.884,0.010131468138756969,0.8641423224480363,0.9038576775519637,0.8666666666666667
100,0.425,NegtiveCopycat,1000,0.00019444444444444446,0.0001000152919016377,0,0.00039047441657165437,0.0
100,0.425,NegtiveCopykitten,1000,0.0018888888888888885,0.000556788754754553,0.0007975829295699646,0.0029801948482078124,0.0
100,0.425,Grudger,1000,0.048,0.006763264133666638,0.03474400229801339,0.061255997701986614,0.0
100,0.45,Random,1000,0.0,0.0,0,0.0,0.0
100,0.45,Cooperator,1000,0.0,0.0,0,0.0,0.0
100,0.45,Cheater,1000,0.017027777777777777,0.0037720208045014356,0.009634617000954963,0.02442093855460059,0.0
100,0.45,Copycat,1000,0.0,0.0,0,0.0,0.0
100,0.45,Copykitten,1000,0.024,0.0048422564417270626,0.014509177374214957,0.033490822625785045,0.03333333333333333
100,0.45,Copy3kitten,1000,0.927,0.008230354715244064,0.9108685047581216,0.9431314952418784,0.9
100,0.45,NegtiveCopycat,1000,0.0007777777777777776,0.0003084951268940727,0.00017312732906539507,0.0013824282264901602,0.0
100,0.45,NegtiveCopykitten,1000,0.004194444444444444,0.00140621464612945,0.001438263738030722,0.0069506251508581664,0.0
100,0.45,Grudger,1000,0.027,0.005128089049275284,0.01694894546342044,0.03705105453657956,0.06666666666666667
100,0.475,Random,1000,0.0,0.0,0,0.0,0.0
100,0.475,Cooperator,1000,0.0,0.0,0,0.0,0.0
100,0.475,Cheater,1000,0.010555555555555558,0.0026554652963999823,0.005350843574611592,0.015760267536499523,0.0
100,0.475,Copycat,1000,0.0,0.0,0,0.0,0.0
100,0.475,Copykitten,1000,0.034,0.005733836139695457,0.022761681166196906,0.045238318833803096,0.06666666666666667
100,0.475,Copy3kitten,1000,0.943,0.007335175853706822,0.9286230553267346,0.9573769446732653,0.9
100,0.475,NegtiveCopycat,1000,0.003055555555555555,0.0009056420216741512,0.0012804971930742185,0.004830613918036891,0.0
100,0.475,NegtiveCopykitten,1000,0.003388888888888889,0.0009322092446463923,0.0015617587693819604,0.005216019008395818,0.0
100,0.475,Grudger,1000,0.006,0.0024433521993298484,0.0012110296893134975,0.010788970310686503,0.03333333333333333
100,0.5,Random,1000,0.0,0.0,0,0.0,0.0
100,0.5,Cooperator,1000,0.0,0.0,0,0.0,0.0
100,0.5,Cheater,1000,0.009777777777777776,0.0024639317865431513,0.0049484714761532,0.014607084079402352,0.0
100,0.5,Copycat,1000,0.001,0.0010000000000000057,0,0.0029600000000000112,0.0
100,0.5,Copykitten,1000,0.026,0.005034813735318232,0.016131765078776263,0.035868234921223735,0.06666666666666667
100,0.5,Copy3kitten,1000,0.954,0.006627814717380698,0.9410094831539337,0.9669905168460662,0.9333333333333333
100,0.5,NegtiveCopycat,1000,0.0035000000000000005,0.0009857720009189932,0.001567886878198774,0.005432113121801227,0.0
100,0.5,NegtiveCopykitten,1000,0.004722222222222222,0.001363520970264095,0.0020497211205045963,0.007394723323939848,0.0
100,0.5,Grudger,1000,0.001,0.0010000000000000104,0,0.0029600000000000203,0.0
